review_id,institution_name,programme_name,country,degree_level,field_name,extracted_value,value_scope,provider,source_url,evidence_text,system_status,system_confidence_or_reason,review_verdict,review_comment,reviewer,reviewed_at,critical_error
QA-0001,Aalto University,Computer Science MSc,Finland,Master,minimum_degree,University Bachelor's degree,programme,Studyinfo / Opintopolku,https://opintopolku.fi/konfo-backend/hakukohde/1.2.246.562.20.00000000000000091188,Required prior education (minimum degree requirement): University Bachelor's degree,ACCEPTED,accepted; exact external evidence; pipeline confidence=0.90,,,,,
QA-0002,Aalto University,Computer Science MSc,Finland,Master,programme_focus,Aalto University's Master's Admission 2027,programme,Studyinfo / Opintopolku,https://opintopolku.fi/konfo-backend/hakukohde/1.2.246.562.20.00000000000000091188,Application route (rolling admission only when explicitly named): Aalto University's Master's Admission 2027 [source column hakuNimi.en],ACCEPTED,accepted; exact external evidence; pipeline confidence=0.90,,,,,
QA-0003,Aalto University,Computer Science MSc,Finland,Master,curriculum_overview,University Bachelor's degree,programme,Studyinfo / Opintopolku,https://opintopolku.fi/konfo-backend/hakukohde/1.2.246.562.20.00000000000000091188,Required prior education (minimum degree requirement): University Bachelor's degree [source column pohjakoulutusvaatimus.0.nimi.en],ACCEPTED,accepted; exact external evidence; pipeline confidence=0.85,,,,,
QA-0004,Haaga-Helia University of Applied Sciences,Business Information Technology,Finland,Bachelor,required_documents,Required educational certificates,programme,Studyinfo / Opintopolku,https://opintopolku.fi/konfo-backend/hakukohde/1.2.246.562.20.00000000000000091904,Required application document name: Required educational certificates,ACCEPTED,accepted; exact external evidence; pipeline confidence=0.85,,,,,
QA-0005,University of Eastern Finland,Data Engineering,Finland,Bachelor,intakes,"application route: Joint Application to Higher Education, Spring 2026",programme,Studyinfo / Opintopolku,https://opintopolku.fi/konfo-backend/hakukohde/1.2.246.562.20.00000000000000076744,"Application route (rolling admission only when explicitly named): Joint Application to Higher Education, Spring 2026 [source column hakuNimi.en]",ACCEPTED,accepted; exact external evidence; pipeline confidence=0.85,,,,,
QA-0006,University of Eastern Finland,Data Engineering,Finland,Bachelor,standardized_tests,SAT scores listed as required application document; SAT-based admission available for refugees; requirement status: required; test: SAT,programme,Studyinfo / Opintopolku,https://opintopolku.fi/konfo-backend/valintaperuste/2fd031ad-fa64-43d4-9b5d-5eb033245b07,"If you are a refugee or your status is comparable to a refugee, and you thus cannot verify your eligibility to higher education with documentation, the university may allow you to take part in an SAT test-based admission for the bachelor’s and master's degree programme.",ACCEPTED,accepted; exact external evidence; pipeline confidence=0.80,,,,,
QA-0007,University of Eastern Finland,Data Engineering,Finland,Bachelor,ielts_overall,6,programme,Studyinfo / Opintopolku,https://opintopolku.fi/konfo-backend/valintaperuste/2fd031ad-fa64-43d4-9b5d-5eb033245b07,IELTS (academic)-test: minimum overall score of 6.0,ACCEPTED,accepted; exact external evidence; pipeline confidence=0.95,,,,,
QA-0008,University of Eastern Finland,Data Engineering,Finland,Bachelor,toefl,test: TOEFL iBT; minimum overall score: 78,programme,Studyinfo / Opintopolku,https://opintopolku.fi/konfo-backend/valintaperuste/2fd031ad-fa64-43d4-9b5d-5eb033245b07,TOEFL iBT test: minimum overall score of 78,ACCEPTED,accepted; exact external evidence; pipeline confidence=0.95,,,,,
QA-0009,University of Eastern Finland,Data Engineering,Finland,Bachelor,scholarships,funding type: unknown; eligibility: Applicants subject to tuition fees; details: Applicants subject to tuition fees can apply for tuition waivers and scholarships during the university application process by completing the relevant section on the application form.,programme,Studyinfo / Opintopolku,https://opintopolku.fi/konfo-backend/valintaperuste/2fd031ad-fa64-43d4-9b5d-5eb033245b07,Applicants subject to tuition fees can apply for tuition waivers and scholarships during the university application process by completing the relevant section on the application form.,ACCEPTED,accepted; exact external evidence; pipeline confidence=0.90,,,,,
QA-0010,University of Eastern Finland,Data Engineering,Finland,Bachelor,curriculum_overview,Eligible applicants hold an upper secondary education degree certificate,programme,Studyinfo / Opintopolku,https://opintopolku.fi/konfo-backend/valintaperuste/2fd031ad-fa64-43d4-9b5d-5eb033245b07,Eligible applicants hold an upper secondary education degree certificate:,ACCEPTED,accepted; exact external evidence; pipeline confidence=0.60,,,,,
QA-0011,University of Eastern Finland,Information Technology,Finland,Bachelor,intakes,"application route: Joint Application to Higher Education, Spring 2026; academic cycle: 2026",programme,Studyinfo / Opintopolku,https://opintopolku.fi/konfo-backend/hakukohde/1.2.246.562.20.00000000000000076731,"Application route (rolling admission only when explicitly named): Joint Application to Higher Education, Spring 2026 [source column hakuNimi.en]",ACCEPTED,accepted; exact external evidence; pipeline confidence=0.85,,,,,
QA-0012,University of Eastern Finland,Information Technology,Finland,Bachelor,subject_prerequisites,"Finnish matriculation examination; International Baccalaureate degree (IB); European Baccalaureate degree (EB); Deutsches Internationales Abitur degree (DIA) or Reifeprüfung degree (RP) in Finland; A Finnish vocational upper secondary qualification, further vocational qualification, or specialist vocational qualification as set in the Vocational Education Act (531/2017); any other comparable upper secondary educational qualification that provides eligibility for university-level Bachelor’s studies in the country in question.; Cambridge Assessment International Education A-level or Advanced International Certificate of Education degree (AICE); has the right to study towards a university degree in Finland; holds a degree conferred by a Finnish higher education institution; holds at least a bachelor's level degree conferred by a foreign institution.",programme,Studyinfo / Opintopolku,https://opintopolku.fi/konfo-backend/valintaperuste/33012799-b01f-435e-8083-851d47fb4b6d,Eligible applicants hold an upper secondary education degree certificate:,REVIEW,review; exact external evidence; pipeline confidence=0.85; validation=VALUE_SUPPORT_UNRESOLVED,,,,,
QA-0013,University of Eastern Finland,Information Technology,Finland,Bachelor,required_documents,Certificates,programme,Studyinfo / Opintopolku,https://opintopolku.fi/konfo-backend/hakukohde/1.2.246.562.20.00000000000000076731,Required application document name: Certificates,ACCEPTED,accepted; exact external evidence; pipeline confidence=0.85,,,,,
QA-0014,University of Eastern Finland,Information Technology,Finland,Bachelor,standardized_tests,test: PTE (academic); minimum overall score: 54,programme,Studyinfo / Opintopolku,https://opintopolku.fi/konfo-backend/valintaperuste/33012799-b01f-435e-8083-851d47fb4b6d,PTE (academic)-test: minimum overall score of 54,ACCEPTED,accepted; exact external evidence; pipeline confidence=0.90,,,,,
QA-0015,Campus de Lyon 3 à Bourg-en-Bresse,licence mention histoire,France,Bachelor,programme_identity,licence mention histoire,programme,Onisep Idéo,https://api.opendata.onisep.fr/downloads/605344579a7d7/605344579a7d7.csv,Formation label: licence mention histoire,ACCEPTED,accepted; exact external evidence; pipeline confidence=0.90,,,,,
QA-0016,Campus de Lyon 3 à Bourg-en-Bresse,licence mention histoire,France,Bachelor,credential,licence,programme,Onisep Idéo,https://api.opendata.onisep.fr/downloads/605344579a7d7/605344579a7d7.csv,Qualification type: licence,ACCEPTED,accepted; exact external evidence; pipeline confidence=0.90,,,,,
QA-0017,Campus de Lyon 3 à Bourg-en-Bresse,licence mention histoire,France,Bachelor,duration,3 ans,programme,Onisep Idéo,https://api.opendata.onisep.fr/downloads/605344579a7d7/605344579a7d7.csv,Standard cycle duration: 3 ans [source column AF durée cycle standard],ACCEPTED,accepted deterministic catalogue metadata; source column=AF durée cycle standard; exact programme context,,,,,
QA-0018,Ecole centrale de Lyon,Master mention chimie et sciences des materiaux,France,Master,tuition,"EUR 3,941 / year (credential=master; audience=international; academic cycle=2025)",programme,Onisep Idéo,https://api.opendata.onisep.fr/downloads/605344579a7d7/605344579a7d7.csv,"Tuition (schooling cost) (fee credential category=master [source column FOR type]): de 254 euros jusqu'à 3941 euros en 2025 (254 euros pour les étudiants UE , 3941 euros pour les étudiants hors UE) [source column AF coût scolarité]",REVIEW,review; exact external evidence; pipeline confidence=0.90; validation=BASIS_NOT_SUPPORTED,,,,,
QA-0019,Ecole centrale de Lyon,Master mention chimie et sciences des materiaux,France,Master,duration,1 an,programme,Onisep Idéo,https://api.opendata.onisep.fr/downloads/605344579a7d7/605344579a7d7.csv,Standard cycle duration: 1 an [source column AF durée cycle standard],ACCEPTED,accepted deterministic catalogue metadata; source column=AF durée cycle standard; exact programme context,,,,,
QA-0020,Ecole centrale de Lyon,Master mention chimie et sciences des materiaux,France,Master,location,Ecully,programme,Onisep Idéo,https://api.opendata.onisep.fr/downloads/605344579a7d7/605344579a7d7.csv,Teaching location: Ecully [source column ENS commune],ACCEPTED,accepted deterministic catalogue metadata; source column=ENS commune; exact programme context,,,,,
QA-0021,Ecole centrale de Lyon,Master mention chimie et sciences des materiaux,France,Master,delivery_mode,"temps plein, cours en présentiel",programme,Onisep Idéo,https://api.opendata.onisep.fr/downloads/605344579a7d7/605344579a7d7.csv,"Study modality: temps plein, cours en présentiel [source column AF modalités scolarité]",ACCEPTED,accepted deterministic catalogue metadata; source column=AF modalités scolarité; exact programme context,,,,,
QA-0022,IUT Clermont Auvergne - site de Montluçon,BUT génie électrique et informatique industrielle parcours électricité et maîtrise de l'énergie,France,Bachelor,programme_identity,BUT génie électrique et informatique industrielle parcours électricité et maîtrise de l'énergie,programme,Onisep Idéo,https://api.opendata.onisep.fr/downloads/605344579a7d7/605344579a7d7.csv,Formation label: BUT génie électrique et informatique industrielle parcours électricité et maîtrise de l'énergie [source column Formation (FOR) libellé],ACCEPTED,accepted; exact external evidence; pipeline confidence=0.95,,,,,
QA-0023,IUT Clermont Auvergne - site de Montluçon,BUT génie électrique et informatique industrielle parcours électricité et maîtrise de l'énergie,France,Bachelor,credential,bachelor universitaire de technologie,programme,Onisep Idéo,https://api.opendata.onisep.fr/downloads/605344579a7d7/605344579a7d7.csv,Qualification type: bachelor universitaire de technologie [source column FOR type],ACCEPTED,accepted; exact external evidence; pipeline confidence=0.90,,,,,
QA-0024,IUT Clermont Auvergne - site de Montluçon,BUT génie électrique et informatique industrielle parcours électricité et maîtrise de l'énergie,France,Bachelor,duration,3 ans,programme,Onisep Idéo,https://api.opendata.onisep.fr/downloads/605344579a7d7/605344579a7d7.csv,Standard cycle duration: 3 ans [source column AF durée cycle standard],ACCEPTED,accepted deterministic catalogue metadata; source column=AF durée cycle standard; exact programme context,,,,,
QA-0025,IUT d'Aix-Marseille - site de Digne-les-Bains,BUT génie biologique parcours sciences de l'environnement et écotechnologies,France,Bachelor,programme_identity,BUT génie biologique parcours sciences de l'environnement et écotechnologies,programme,Onisep Idéo,https://api.opendata.onisep.fr/downloads/605344579a7d7/605344579a7d7.csv,Formation label: BUT génie biologique parcours sciences de l'environnement et écotechnologies [source column Formation (FOR) libellé],ACCEPTED,accepted; exact external evidence; pipeline confidence=0.95,,,,,
QA-0026,IUT d'Aix-Marseille - site de Digne-les-Bains,BUT génie biologique parcours sciences de l'environnement et écotechnologies,France,Bachelor,credential,bachelor universitaire de technologie,programme,Onisep Idéo,https://api.opendata.onisep.fr/downloads/605344579a7d7/605344579a7d7.csv,Qualification type: bachelor universitaire de technologie [source column FOR type],ACCEPTED,accepted; exact external evidence; pipeline confidence=0.90,,,,,
QA-0027,IUT d'Aix-Marseille - site de Digne-les-Bains,BUT génie biologique parcours sciences de l'environnement et écotechnologies,France,Bachelor,duration,3 ans,programme,Onisep Idéo,https://api.opendata.onisep.fr/downloads/605344579a7d7/605344579a7d7.csv,Standard cycle duration: 3 ans [source column AF durée cycle standard],ACCEPTED,accepted deterministic catalogue metadata; source column=AF durée cycle standard; exact programme context,,,,,
QA-0028,Institut national des sciences appliquees de Lyon,Bachelor en sciences et ingenierie - genie energetique et environnement,France,Bachelor,duration,3 ans,programme,Onisep Idéo,https://api.opendata.onisep.fr/downloads/605344579a7d7/605344579a7d7.csv,Standard cycle duration: 3 ans [source column AF durée cycle standard],ACCEPTED,accepted deterministic catalogue metadata; source column=AF durée cycle standard; exact programme context,,,,,
QA-0029,Institut national des sciences appliquees de Lyon,Bachelor en sciences et ingenierie - genie energetique et environnement,France,Bachelor,location,Villeurbanne,programme,Onisep Idéo,https://api.opendata.onisep.fr/downloads/605344579a7d7/605344579a7d7.csv,Teaching location: Villeurbanne [source column ENS commune],ACCEPTED,accepted deterministic catalogue metadata; source column=ENS commune; exact programme context,,,,,
QA-0030,Institut national des sciences appliquees de Lyon,Bachelor en sciences et ingenierie - genie energetique et environnement,France,Bachelor,delivery_mode,"temps plein, cours en présentiel (1re année)",programme,Onisep Idéo,https://api.opendata.onisep.fr/downloads/605344579a7d7/605344579a7d7.csv,"Study modality: temps plein, cours en présentiel (1re année) [source column AF modalités scolarité]",ACCEPTED,accepted deterministic catalogue metadata; source column=AF modalités scolarité; exact programme context,,,,,
QA-0031,Institut national des sciences appliquees de Lyon,Master mention IA - intelligence artificielle,France,Master,programme_identity,master mention IA - intelligence artificielle,programme,Onisep Idéo,https://api.opendata.onisep.fr/downloads/605344579a7d7/605344579a7d7.csv,Formation label: master mention IA - intelligence artificielle [source column Formation (FOR) libellé],ACCEPTED,accepted; exact external evidence; pipeline confidence=0.90,,,,,
QA-0032,Institut national des sciences appliquees de Lyon,Master mention IA - intelligence artificielle,France,Master,credential,master,programme,Onisep Idéo,https://api.opendata.onisep.fr/downloads/605344579a7d7/605344579a7d7.csv,Qualification type: master [source column FOR type],ACCEPTED,accepted; exact external evidence; pipeline confidence=0.90,,,,,
QA-0033,Institut national des sciences appliquees de Lyon,Master mention IA - intelligence artificielle,France,Master,tuition,"EUR 10,000 / year (credential=master)",programme,Onisep Idéo,https://api.opendata.onisep.fr/downloads/605344579a7d7/605344579a7d7.csv,Tuition (schooling cost) (fee credential category=master [source column FOR type]): 10000 euros par an [source column AF coût scolarité],ACCEPTED,accepted; exact external evidence; pipeline confidence=0.90,,,,,
QA-0034,Institut national supérieur du professorat et de l'éducation - site de Digne-les-Bains,licence mention professorat des écoles,France,Bachelor,programme_identity,licence mention professorat des écoles,programme,Onisep Idéo,https://api.opendata.onisep.fr/downloads/605344579a7d7/605344579a7d7.csv,Formation label: licence mention professorat des écoles [source column Formation (FOR) libellé],ACCEPTED,accepted; exact external evidence; pipeline confidence=0.90,,,,,
QA-0035,Institut national supérieur du professorat et de l'éducation - site de Digne-les-Bains,licence mention professorat des écoles,France,Bachelor,credential,licence,programme,Onisep Idéo,https://api.opendata.onisep.fr/downloads/605344579a7d7/605344579a7d7.csv,Qualification type: licence [source column FOR type],ACCEPTED,accepted; exact external evidence; pipeline confidence=0.90,,,,,
QA-0036,Institut national supérieur du professorat et de l'éducation - site de Digne-les-Bains,licence mention professorat des écoles,France,Bachelor,duration,3 ans,programme,Onisep Idéo,https://api.opendata.onisep.fr/downloads/605344579a7d7/605344579a7d7.csv,Standard cycle duration: 3 ans [source column AF durée cycle standard],ACCEPTED,accepted deterministic catalogue metadata; source column=AF durée cycle standard; exact programme context,,,,,
QA-0037,Institut national supérieur du professorat et de l'éducation - site de l'Ain,licence mention professorat des écoles,France,Bachelor,programme_identity,licence mention professorat des écoles,programme,Onisep Idéo,https://api.opendata.onisep.fr/downloads/605344579a7d7/605344579a7d7.csv,Formation label: licence mention professorat des écoles [source column Formation (FOR) libellé],ACCEPTED,accepted; exact external evidence; pipeline confidence=0.90,,,,,
QA-0038,Institut national supérieur du professorat et de l'éducation - site de l'Ain,licence mention professorat des écoles,France,Bachelor,credential,licence,programme,Onisep Idéo,https://api.opendata.onisep.fr/downloads/605344579a7d7/605344579a7d7.csv,Qualification type: licence [source column FOR type],ACCEPTED,accepted; exact external evidence; pipeline confidence=0.90,,,,,
QA-0039,Institut national supérieur du professorat et de l'éducation - site de l'Ain,licence mention professorat des écoles,France,Bachelor,duration,3 ans,programme,Onisep Idéo,https://api.opendata.onisep.fr/downloads/605344579a7d7/605344579a7d7.csv,Standard cycle duration: 3 ans [source column AF durée cycle standard],ACCEPTED,accepted deterministic catalogue metadata; source column=AF durée cycle standard; exact programme context,,,,,
QA-0040,"Institut national supérieur du professorat et de l'éducation Célestin Freinet - site de Nice, Stephen Liégeard",licence mention professorat des écoles,France,Bachelor,programme_identity,licence mention professorat des écoles,programme,Onisep Idéo,https://api.opendata.onisep.fr/downloads/605344579a7d7/605344579a7d7.csv,Formation label: licence mention professorat des écoles [source column Formation (FOR) libellé],ACCEPTED,accepted; exact external evidence; pipeline confidence=0.90,,,,,
QA-0041,"Institut national supérieur du professorat et de l'éducation Célestin Freinet - site de Nice, Stephen Liégeard",licence mention professorat des écoles,France,Bachelor,credential,licence,programme,Onisep Idéo,https://api.opendata.onisep.fr/downloads/605344579a7d7/605344579a7d7.csv,Qualification type: licence [source column FOR type],ACCEPTED,accepted; exact external evidence; pipeline confidence=0.90,,,,,
QA-0042,"Institut national supérieur du professorat et de l'éducation Célestin Freinet - site de Nice, Stephen Liégeard",licence mention professorat des écoles,France,Bachelor,duration,3 ans,programme,Onisep Idéo,https://api.opendata.onisep.fr/downloads/605344579a7d7/605344579a7d7.csv,Standard cycle duration: 3 ans [source column AF durée cycle standard],ACCEPTED,accepted deterministic catalogue metadata; source column=AF durée cycle standard; exact programme context,,,,,
QA-0043,Institut polytechnique de Paris,Master innovation entreprise societe,France,Master,programme_identity,"master mention innovation, entreprise et société",programme,Onisep Idéo,https://api.opendata.onisep.fr/downloads/605344579a7d7/605344579a7d7.csv,"Formation label: master mention innovation, entreprise et société [source column Formation (FOR) libellé]",ACCEPTED,accepted; exact external evidence; pipeline confidence=0.90,,,,,
QA-0044,Institut polytechnique de Paris,Master innovation entreprise societe,France,Master,credential,master,programme,Onisep Idéo,https://api.opendata.onisep.fr/downloads/605344579a7d7/605344579a7d7.csv,Qualification type: master [source column FOR type],ACCEPTED,accepted; exact external evidence; pipeline confidence=0.90,,,,,
QA-0045,Institut polytechnique de Paris,Master innovation entreprise societe,France,Master,learning_outcomes,"qualification type: master; standard cycle duration: 2 ans; study modality: temps plein, cours en présentiel; teaching location: Palaiseau",programme,Onisep Idéo,https://api.opendata.onisep.fr/downloads/605344579a7d7/605344579a7d7.csv,Qualification type: master [source column FOR type],ACCEPTED,accepted; exact external evidence; pipeline confidence=0.60,,,,,
QA-0046,Institut universitaire de technologie de l'Aisne - Campus de Saint-Quentin,"BUT génie chimique, génie des procédés parcours conception des procédés et innovation technologique",France,Bachelor,programme_identity,"BUT génie chimique, génie des procédés parcours conception des procédés et innovation technologique",programme,Onisep Idéo,https://api.opendata.onisep.fr/downloads/605344579a7d7/605344579a7d7.csv,"Formation label: BUT génie chimique, génie des procédés parcours conception des procédés et innovation technologique",ACCEPTED,accepted; exact external evidence; pipeline confidence=0.95,,,,,
QA-0047,Institut universitaire de technologie de l'Aisne - Campus de Saint-Quentin,"BUT génie chimique, génie des procédés parcours conception des procédés et innovation technologique",France,Bachelor,credential,bachelor universitaire de technologie,programme,Onisep Idéo,https://api.opendata.onisep.fr/downloads/605344579a7d7/605344579a7d7.csv,Qualification type: bachelor universitaire de technologie,ACCEPTED,accepted; exact external evidence; pipeline confidence=0.95,,,,,
QA-0048,Institut universitaire de technologie de l'Aisne - Campus de Saint-Quentin,"BUT génie chimique, génie des procédés parcours conception des procédés et innovation technologique",France,Bachelor,duration,3 ans,programme,Onisep Idéo,https://api.opendata.onisep.fr/downloads/605344579a7d7/605344579a7d7.csv,Standard cycle duration: 3 ans [source column AF durée cycle standard],ACCEPTED,accepted deterministic catalogue metadata; source column=AF durée cycle standard; exact programme context,,,,,
QA-0049,Sorbonne Universite,Licence mention informatique,France,Bachelor,programme_identity,licence mention informatique,programme,Onisep Idéo,https://api.opendata.onisep.fr/downloads/605344579a7d7/605344579a7d7.csv,Formation label: licence mention informatique [source column Formation (FOR) libellé],ACCEPTED,accepted; exact external evidence; pipeline confidence=0.90,,,,,
QA-0050,Sorbonne Universite,Licence mention informatique,France,Bachelor,credential,licence,programme,Onisep Idéo,https://api.opendata.onisep.fr/downloads/605344579a7d7/605344579a7d7.csv,Qualification type: licence [source column FOR type],ACCEPTED,accepted; exact external evidence; pipeline confidence=0.90,,,,,
QA-0051,Sorbonne Universite,Licence mention informatique,France,Bachelor,programme_focus,licence mention informatique,programme,Onisep Idéo,https://api.opendata.onisep.fr/downloads/605344579a7d7/605344579a7d7.csv,Formation label: licence mention informatique [source column Formation (FOR) libellé],ACCEPTED,accepted; exact external evidence; pipeline confidence=0.90,,,,,
QA-0052,Sorbonne Universite,Licence mention informatique,France,Bachelor,curriculum_overview,standard cycle duration: 3 ans; study modality: temps plein; cours en présentiel; teaching location: Paris,programme,Onisep Idéo,https://api.opendata.onisep.fr/downloads/605344579a7d7/605344579a7d7.csv,Standard cycle duration: 3 ans [source column AF durée cycle standard],ACCEPTED,accepted; exact external evidence; pipeline confidence=0.85,,,,,
QA-0053,École universitaire de recherche arts et humanités - Campus Georges Méliès,licence mention sciences et humanités,France,Bachelor,external_source_status,,programme,Onisep Idéo,https://api.opendata.onisep.fr/downloads/605344579a7d7/605344579a7d7.csv?target=0062226M-AF.100098,No admitted external field-bearing source was retained for this target.,SOURCE_ABSENCE,target-level source absence; no admitted external field-bearing source was retained,,,,,
QA-0054,Delft University of Technology,Computer Science,Netherlands,Master,programme_identity,Computer Science,programme,DUO RIO,https://onderwijsdata.duo.nl/api/3/action/datastore_search?filters=%7B%22ONDERWIJSBESTUURID%22%3A%22107B605%22%2C%22OPLEIDINGSEENHEIDCODE%22%3A%221001O6612%22%7D&limit=1&resource_id=ffffa7ad-e6a2-4ba7-9fc2-a09df4128555,RIO programme name: Computer Science [source column NAAM_LANG],ACCEPTED,accepted; exact external evidence; pipeline confidence=0.90,,,,,
QA-0055,Delft University of Technology,Computer Science,Netherlands,Master,credential,MASTER,programme,DUO RIO,https://onderwijsdata.duo.nl/api/3/action/datastore_search?filters=%7B%22ONDERWIJSBESTUURID%22%3A%22107B605%22%2C%22OPLEIDINGSEENHEIDCODE%22%3A%221001O6612%22%7D&limit=1&resource_id=ffffa7ad-e6a2-4ba7-9fc2-a09df4128555,RIO award/degree: MASTER [source column GRAAD],ACCEPTED,accepted; exact external evidence; pipeline confidence=0.90,,,,,
QA-0056,Radboud Universiteit,Business Administration,Netherlands,Master,programme_identity,Business Administration,programme,DUO RIO,https://onderwijsdata.duo.nl/api/3/action/datastore_search?filters=%7B%22ONDERWIJSBESTUURID%22%3A%22107B484%22%2C%22OPLEIDINGSEENHEIDCODE%22%3A%221001O6879%22%7D&limit=1&resource_id=ffffa7ad-e6a2-4ba7-9fc2-a09df4128555,RIO programme name: Business Administration [source column NAAM_LANG],ACCEPTED,accepted; exact external evidence; pipeline confidence=0.90,,,,,
QA-0057,Radboud Universiteit,Business Administration,Netherlands,Master,credential,MASTER,programme,DUO RIO,https://onderwijsdata.duo.nl/api/3/action/datastore_search?filters=%7B%22ONDERWIJSBESTUURID%22%3A%22107B484%22%2C%22OPLEIDINGSEENHEIDCODE%22%3A%221001O6879%22%7D&limit=1&resource_id=ffffa7ad-e6a2-4ba7-9fc2-a09df4128555,RIO award/degree: MASTER [source column GRAAD],ACCEPTED,accepted; exact external evidence; pipeline confidence=0.90,,,,,
QA-0058,Radboud Universiteit,Business Administration,Netherlands,Master,minimum_degree,MASTER,programme,DUO RIO,https://onderwijsdata.duo.nl/api/3/action/datastore_search?filters=%7B%22ONDERWIJSBESTUURID%22%3A%22107B484%22%2C%22OPLEIDINGSEENHEIDCODE%22%3A%221001O6879%22%7D&limit=1&resource_id=ffffa7ad-e6a2-4ba7-9fc2-a09df4128555,RIO award/degree: MASTER [source column GRAAD],REVIEW,review; exact external evidence; pipeline confidence=0.60; validation=REQUIREMENT_NOT_EXPLICIT,,,,,
QA-0059,Radboud Universiteit,Business Administration,Netherlands,Master,programme_focus,programme name: Business Administration; award degree: MASTER; qualification level: WO-MA; study load: 60,programme,DUO RIO,https://onderwijsdata.duo.nl/api/3/action/datastore_search?filters=%7B%22ONDERWIJSBESTUURID%22%3A%22107B484%22%2C%22OPLEIDINGSEENHEIDCODE%22%3A%221001O6879%22%7D&limit=1&resource_id=ffffa7ad-e6a2-4ba7-9fc2-a09df4128555,RIO programme name: Business Administration [source column NAAM_LANG],ACCEPTED,accepted; exact external evidence; pipeline confidence=0.90,,,,,
QA-0060,Rijksuniversiteit Groningen,Datastore Search,Netherlands,,external_source_status,,programme,DUO RIO,https://onderwijsdata.duo.nl/api/3/action/datastore_search?filters=%7B%22ONDERWIJSBESTUURID%22%3A%22107B448%22%2C%22OPLEIDINGSEENHEIDCODE%22%3A%221001O6215%22%7D&limit=1&resource_id=ffffa7ad-e6a2-4ba7-9fc2-a09df4128555&target=duo-nl-stage1-005-1001O6215,No admitted external field-bearing source was retained for this target.,SOURCE_ABSENCE,target-level source absence; no admitted external field-bearing source was retained,,,,,
QA-0061,Universiteit van Amsterdam,Cultuurwetenschappen,Netherlands,Bachelor,programme_identity,Cultuurwetenschappen,programme,DUO RIO,https://onderwijsdata.duo.nl/api/3/action/datastore_search?filters=%7B%22ONDERWIJSBESTUURID%22%3A%22107B473%22%2C%22OPLEIDINGSEENHEIDCODE%22%3A%221001O5623%22%7D&limit=1&resource_id=ffffa7ad-e6a2-4ba7-9fc2-a09df4128555,RIO programme name: Cultuurwetenschappen [source column NAAM_LANG],ACCEPTED,accepted; exact external evidence; pipeline confidence=0.95,,,,,
QA-0062,Universiteit van Amsterdam,Cultuurwetenschappen,Netherlands,Bachelor,credential,BACHELOR,programme,DUO RIO,https://onderwijsdata.duo.nl/api/3/action/datastore_search?filters=%7B%22ONDERWIJSBESTUURID%22%3A%22107B473%22%2C%22OPLEIDINGSEENHEIDCODE%22%3A%221001O5623%22%7D&limit=1&resource_id=ffffa7ad-e6a2-4ba7-9fc2-a09df4128555,RIO award/degree: BACHELOR [source column GRAAD],ACCEPTED,accepted; exact external evidence; pipeline confidence=0.95,,,,,
QA-0063,Universiteit van Amsterdam,Cultuurwetenschappen,Netherlands,Bachelor,programme_focus,programme name: Cultuurwetenschappen; degree: BACHELOR; language: ENG; delivery mode: VOLTIJD; study load: 180; qualification level: WO-BA,programme,DUO RIO,https://onderwijsdata.duo.nl/api/3/action/datastore_search?filters=%7B%22ONDERWIJSBESTUURID%22%3A%22107B473%22%2C%22OPLEIDINGSEENHEIDCODE%22%3A%221001O5623%22%7D&limit=1&resource_id=ffffa7ad-e6a2-4ba7-9fc2-a09df4128555,RIO programme name: Cultuurwetenschappen [source column NAAM_LANG],ACCEPTED,accepted; exact external evidence; pipeline confidence=0.90,,,,,
QA-0064,KTH Royal Institute of Technology,Architecture and Gender: Essay,Sweden,Master,programme_identity,Architecture and Gender: Essay,programme,Susa-navet,https://api.skolverket.se/susa-navet/emil3/educationInfos/i.uoh.kth.ad237v.12708.20271,Programme title (English): Architecture and Gender: Essay,ACCEPTED,accepted; exact external evidence; pipeline confidence=0.95,,,,,
QA-0065,KTH Royal Institute of Technology,Architecture and Gender: Essay,Sweden,Master,intakes,year: 2027; semester: VT; periodNumber: 1,programme,Susa-navet,https://api.skolverket.se/susa-navet/emil3/educationEvents/e.uoh.kth.ad237v.12708.20271,Source-native start period: year=2027; semester=VT; periodNumber=1,ACCEPTED,accepted; exact external evidence; pipeline confidence=0.90,,,,,
QA-0066,KTH Royal Institute of Technology,Architecture and Gender: Essay,Sweden,Master,final_deadline,2026-10-15,programme,Susa-navet,https://api.skolverket.se/susa-navet/emil3/educationEvents/e.uoh.kth.ad237v.12708.20271,Application closing date: 2026-10-15,ACCEPTED,accepted; exact external evidence; pipeline confidence=0.90,,,,,
QA-0067,KTH Royal Institute of Technology,Architecture and Gender: Essay,Sweden,Master,programme_focus,Architecture and Gender: Essay,programme,Susa-navet,https://api.skolverket.se/susa-navet/emil3/educationInfos/i.uoh.kth.ad237v.12708.20271,Programme title (English): Architecture and Gender: Essay,ACCEPTED,accepted; exact external evidence; pipeline confidence=0.90,,,,,
QA-0068,Lund University,AI and Digitization in the Archive Sector,Sweden,Master,programme_identity,AI and Digitization in the Archive Sector,programme,Susa-navet,https://api.skolverket.se/susa-navet/emil3/educationInfos/i.uoh.lu.abma21.31300.20262,Programme title (English): AI and Digitization in the Archive Sector,ACCEPTED,accepted; exact external evidence; pipeline confidence=0.95,,,,,
QA-0069,Lund University,AI and Digitization in the Archive Sector,Sweden,Master,programme_language,swe,programme,Susa-navet,https://api.skolverket.se/susa-navet/emil3/educationEvents/e.uoh.lu.abma21.31300.20262,Language of instruction: swe [source column content.languageOfInstructions],ACCEPTED,accepted deterministic catalogue metadata; source column=content.languageOfInstructions; exact programme context,,,,,
QA-0070,Lund University,AI and Digitization in the Archive Sector,Sweden,Master,work_experience,1 års arbetslivserfarenhet inom arkivsektorn; requirement status: required,programme,Susa-navet,https://api.skolverket.se/susa-navet/emil3/educationInfos/i.uoh.lu.abma21.31300.20262,samt 1 års arbetslivserfarenhet inom arkivsektorn,ACCEPTED,accepted; exact external evidence; pipeline confidence=0.85,,,,,
QA-0071,Uppsala University,Floristics and Faunistics L,Sweden,Bachelor,subject_prerequisites,Grundläggande behörighet,programme,Susa-navet,https://api.skolverket.se/susa-navet/emil3/educationInfos/i.uoh.uu.1bg025.67407.20261,Eligibility and subject prerequisites: Grundläggande behörighet,ACCEPTED,accepted; exact external evidence; pipeline confidence=0.90,,,,,
QA-0072,Uppsala University,Floristics and Faunistics L,Sweden,Bachelor,curriculum_overview,language of instruction: swe,programme,Susa-navet,https://api.skolverket.se/susa-navet/emil3/educationEvents/e.uoh.uu.1bg025.67407.20261,Language of instruction: swe,ACCEPTED,accepted; exact external evidence; pipeline confidence=0.85,,,,,
QA-0073,Uppsala University,Floristics and Faunistics L,Sweden,Bachelor,curriculum_overview,education level: grund,programme,Susa-navet,https://api.skolverket.se/susa-navet/emil3/educationInfos/i.uoh.uu.1bg025.67407.20261,Source-native education level: grund,ACCEPTED,accepted; exact external evidence; pipeline confidence=0.85,,,,,
QA-0074,ETH Zurich,ETH Zurich Engineering,Switzerland,Bachelor,tuition,CHF 730 / per semester (credential=Domestic tuition; audience=domestic; academic cycle=2026-2027),institution,swissuniversities,https://www.swissuniversities.ch/en/themen/lehre-studium/information-on-studies/tuition-fees/tuition-fees-at-universities,Domestic tuition: 730 [literal matched-row value] (credential=Domestic tuition; currency=CHF; basis=per semester; audience=domestic; cycle=2026-2027),ACCEPTED,accepted; exact external evidence; pipeline confidence=0.90; institution-scoped evidence shown in programme context,,,,,
QA-0075,ETH Zurich,ETH Zurich Engineering,Switzerland,Bachelor,tuition,"CHF 2,190 / per semester (credential=Foreign tuition; audience=international; academic cycle=2026-2027)",institution,swissuniversities,https://www.swissuniversities.ch/en/themen/lehre-studium/information-on-studies/tuition-fees/tuition-fees-at-universities,Foreign tuition: 2190 [literal matched-row value] (credential=Foreign tuition; currency=CHF; basis=per semester; audience=international; cycle=2026-2027),ACCEPTED,accepted; exact external evidence; pipeline confidence=0.90; institution-scoped evidence shown in programme context,,,,,
QA-0076,ETH Zurich,ETH Zurich Engineering,Switzerland,Bachelor,additional_fees,CHF 74 / per semester (credential=Other compulsory fees; audience=all; academic cycle=2026-2027),institution,swissuniversities,https://www.swissuniversities.ch/en/themen/lehre-studium/information-on-studies/tuition-fees/tuition-fees-at-universities,Other compulsory fees: 74 [literal matched-row value] (currency=CHF; basis=per semester; audience=all; cycle=2026-2027),ACCEPTED,accepted; exact external evidence; pipeline confidence=0.90; institution-scoped evidence shown in programme context,,,,,
QA-0077,University of St. Gallen,University of St. Gallen Engineering,Switzerland,Bachelor,tuition,"CHF 1,070 / per semester (credential=Domestic tuition; audience=domestic; academic cycle=2026-2027)",institution,swissuniversities,https://www.swissuniversities.ch/en/themen/lehre-studium/information-on-studies/tuition-fees/tuition-fees-at-universities,itution-name match. Verified source scope: institution Domestic tuition: 4 [literal matched-row value] (credential=Domestic tuition; currency=CHF; basis=per semester; audience=domestic; cycle=2026-2027) Foreign tuition: 1070 [literal matched-row value] (credential=Foreign tuition; currency=CHF; basis=per semester; audience=international; cycl,REVIEW,review; exact external evidence; pipeline confidence=0.90; validation=EVIDENCE_NOT_IN_SNAPSHOT; institution-scoped evidence shown in programme context,,,,,
QA-0078,University of St. Gallen,University of St. Gallen Engineering,Switzerland,Bachelor,tuition,"CHF 1,070 / per semester (credential=Foreign tuition; audience=international; academic cycle=2026-2027)",institution,swissuniversities,https://www.swissuniversities.ch/en/themen/lehre-studium/information-on-studies/tuition-fees/tuition-fees-at-universities,Foreign tuition: 1070 [literal matched-row value] (credential=Foreign tuition; currency=CHF; basis=per semester; audience=international; cycle=2026-2027),ACCEPTED,accepted; exact external evidence; pipeline confidence=0.90; institution-scoped evidence shown in programme context,,,,,
QA-0079,University of St. Gallen,University of St. Gallen Engineering,Switzerland,Bachelor,additional_fees,"CHF 1,284 / per semester (credential=Other compulsory fees; audience=all; academic cycle=2026-2027)",institution,swissuniversities,https://www.swissuniversities.ch/en/themen/lehre-studium/information-on-studies/tuition-fees/tuition-fees-at-universities,Other compulsory fees: 1284 [literal matched-row value] (currency=CHF; basis=per semester; audience=all; cycle=2026-2027),ACCEPTED,accepted; exact external evidence; pipeline confidence=0.90; institution-scoped evidence shown in programme context,,,,,
QA-0080,Anglia Ruskin University,Fine Art,United Kingdom,Bachelor,programme_identity,BA (Hons) Fine Art,programme,Discover Uni,https://discoveruni.gov.uk/course-details/10000291/K00004/Full-time/,BA (Hons) Fine Art Anglia Ruskin University,ACCEPTED,accepted; exact external evidence; pipeline confidence=0.95,,,,,
QA-0081,Anglia Ruskin University,Fine Art,United Kingdom,Bachelor,credential,BA (Hons),programme,Discover Uni,https://discoveruni.gov.uk/course-details/10000291/K00004/Full-time/,BA (Hons) Fine Art Anglia Ruskin University,ACCEPTED,accepted; exact external evidence; pipeline confidence=0.95,,,,,
QA-0082,Anglia Ruskin University,Fine Art,United Kingdom,Bachelor,duration,3 year course,programme,Discover Uni,https://discoveruni.gov.uk/course-details/10000291/K00004/Full-time/,Length 3 year course,ACCEPTED,accepted deterministic catalogue metadata; source column=Course length; exact programme context,,,,,
QA-0083,Anglia Ruskin University,Fine Art,United Kingdom,Bachelor,location,ARU Cambridge Campus,programme,Discover Uni,https://discoveruni.gov.uk/course-details/10000291/K00004/Full-time/,Location : ARU Cambridge Campus,ACCEPTED,accepted deterministic catalogue metadata; source column=Course location; exact programme context,,,,,
QA-0084,Anglia Ruskin University,Fine Art,United Kingdom,Bachelor,delivery_mode,Full time,programme,Discover Uni,https://discoveruni.gov.uk/course-details/10000291/K00004/Full-time/,Study mode Full time,ACCEPTED,accepted deterministic catalogue metadata; source column=Study mode; exact programme context,,,,,
QA-0085,Anglia Ruskin University,Fine Art,United Kingdom,Bachelor,career_outcomes,55%; period: 15 months after graduation,programme,Discover Uni,https://discoveruni.gov.uk/course-details/10000291/K00004/Full-time/,55% Future My current work fits with my future plans.,ACCEPTED,accepted; exact external evidence; pipeline confidence=0.80,,,,,
QA-0086,Anglia Ruskin University,Law,United Kingdom,Bachelor,programme_identity,LLB (Hons) Law,programme,Discover Uni,https://discoveruni.gov.uk/course-details/10000291/K00001/Full-time/,LLB (Hons) Law,ACCEPTED,accepted; exact external evidence; pipeline confidence=0.95,,,,,
QA-0087,Anglia Ruskin University,Law,United Kingdom,Bachelor,credential,LLB (Hons),programme,Discover Uni,https://discoveruni.gov.uk/course-details/10000291/K00001/Full-time/,LLB (Hons) Law,ACCEPTED,accepted; exact external evidence; pipeline confidence=0.95,,,,,
QA-0088,Anglia Ruskin University,Law,United Kingdom,Bachelor,duration,3 year course,programme,Discover Uni,https://discoveruni.gov.uk/course-details/10000291/K00001/Full-time/,Length 3 year course,ACCEPTED,accepted deterministic catalogue metadata; source column=Course length; exact programme context,,,,,
QA-0089,Anglia Ruskin University,Law,United Kingdom,Bachelor,delivery_mode,Full time,programme,Discover Uni,https://discoveruni.gov.uk/course-details/10000291/K00001/Full-time/,Study mode Full time,ACCEPTED,accepted deterministic catalogue metadata; source column=Study mode; exact programme context,,,,,
QA-0090,Anglia Ruskin University,Law,United Kingdom,Bachelor,career_outcomes,"median earnings gbp: 22000; period: After 3 years; cohort: all full-time Law courses, Anglia Ruskin University graduates; typical range gbp: £18,000 - £27,500; data source: Longitudinal Education Outcomes (LEO) dataset; graduation years: 2015-17",programme,Discover Uni,https://discoveruni.gov.uk/course-details/10000291/K00001/Full-time/,"After 3 years £22,000 Typical range: £18,000 - £27,500 Data from 190 people. Data for students graduating 2015-17 Source: Longitudinal Education Outcomes (LEO) dataset",ACCEPTED,accepted; exact external evidence; pipeline confidence=0.80,,,,,
QA-0091,Anglia Ruskin University,Law,United Kingdom,Bachelor,programme_focus,LLB (Hons) Law,programme,Discover Uni,https://discoveruni.gov.uk/course-details/10000291/K00001/Full-time/,LLB (Hons) Law Anglia Ruskin University,ACCEPTED,accepted; exact external evidence; pipeline confidence=0.90,,,,,
QA-0092,Arts Educational Schools,Acting,United Kingdom,Bachelor,programme_identity,BA (Hons) Acting,programme,Discover Uni,https://discoveruni.gov.uk/course-details/10000381/BAAct/Full-time/,BA (Hons) Acting,ACCEPTED,accepted; exact external evidence; pipeline confidence=0.95,,,,,
QA-0093,Arts Educational Schools,Acting,United Kingdom,Bachelor,credential,BA (Hons),programme,Discover Uni,https://discoveruni.gov.uk/course-details/10000381/BAAct/Full-time/,BA (Hons) Acting,ACCEPTED,accepted; exact external evidence; pipeline confidence=0.95,,,,,
QA-0094,Arts Educational Schools,Acting,United Kingdom,Bachelor,duration,3 year course,programme,Discover Uni,https://discoveruni.gov.uk/course-details/10000381/BAAct/Full-time/,Length 3 year course,ACCEPTED,accepted deterministic catalogue metadata; source column=Course length; exact programme context,,,,,
QA-0095,Arts Educational Schools,Acting,United Kingdom,Bachelor,location,ArtsEd,programme,Discover Uni,https://discoveruni.gov.uk/course-details/10000381/BAAct/Full-time/,Location : ArtsEd,ACCEPTED,accepted deterministic catalogue metadata; source column=Course location; exact programme context,,,,,
QA-0096,Arts Educational Schools,Acting,United Kingdom,Bachelor,delivery_mode,Full time,programme,Discover Uni,https://discoveruni.gov.uk/course-details/10000381/BAAct/Full-time/,Study mode Full time,ACCEPTED,accepted deterministic catalogue metadata; source column=Study mode; exact programme context,,,,,
QA-0097,Arts Educational Schools,Acting,United Kingdom,Bachelor,career_outcomes,metric: graduate_location; description: 100% of UK-resident Drama graduates from Arts Educational Schools are based in England; population: UK-resident Drama graduates from Arts Educational Schools; graduating cohort: 2015-17; data source: Longitudinal Education Outcomes (LEO) dataset,programme,Discover Uni,https://discoveruni.gov.uk/course-details/10000381/BAAct/Full-time/,100% of UK-resident Drama graduates from Arts Educational Schools are based in England.,ACCEPTED,accepted; exact external evidence; pipeline confidence=0.85,,,,,
QA-0098,Bath Spa University,Acting,United Kingdom,Bachelor,programme_identity,BA (Hons) Acting,programme,Discover Uni,https://discoveruni.gov.uk/course-details/10000571/BAACTACTSPS/Full-time/,BA (Hons) Acting,ACCEPTED,accepted; exact external evidence; pipeline confidence=0.95,,,,,
QA-0099,Bath Spa University,Acting,United Kingdom,Bachelor,credential,BA (Hons),programme,Discover Uni,https://discoveruni.gov.uk/course-details/10000571/BAACTACTSPS/Full-time/,BA (Hons) Acting,ACCEPTED,accepted; exact external evidence; pipeline confidence=0.95,,,,,
QA-0100,Bath Spa University,Acting,United Kingdom,Bachelor,duration,3 year course,programme,Discover Uni,https://discoveruni.gov.uk/course-details/10000571/BAACTACTSPS/Full-time/,Length 3 year course,ACCEPTED,accepted deterministic catalogue metadata; source column=Course length; exact programme context,,,,,
QA-0101,Bath Spa University,Acting,United Kingdom,Bachelor,location,Newton Park Campus,programme,Discover Uni,https://discoveruni.gov.uk/course-details/10000571/BAACTACTSPS/Full-time/,Location : Newton Park Campus,ACCEPTED,accepted deterministic catalogue metadata; source column=Course location; exact programme context,,,,,
QA-0102,Bath Spa University,Acting,United Kingdom,Bachelor,delivery_mode,Full time,programme,Discover Uni,https://discoveruni.gov.uk/course-details/10000571/BAACTACTSPS/Full-time/,Study mode Full time,ACCEPTED,accepted deterministic catalogue metadata; source column=Study mode; exact programme context,,,,,
QA-0103,Bath Spa University,Acting,United Kingdom,Bachelor,career_outcomes,5%,programme,Discover Uni,https://discoveruni.gov.uk/course-details/10000571/BAACTACTSPS/Full-time/,5% Administrative occupations,ACCEPTED,accepted; exact external evidence; pipeline confidence=0.90,,,,,
QA-0104,Bishop Burton College,Animal Behaviour & Wildlife Conservation,United Kingdom,Bachelor,programme_identity,BSc (Hons) Animal Behaviour & Wildlife Conservation,programme,Discover Uni,https://discoveruni.gov.uk/course-details/10000721/BScABWC/Full-time/,BSc (Hons) Animal Behaviour & Wildlife Conservation,ACCEPTED,accepted; exact external evidence; pipeline confidence=0.95,,,,,
QA-0105,Bishop Burton College,Animal Behaviour & Wildlife Conservation,United Kingdom,Bachelor,credential,BSc (Hons),programme,Discover Uni,https://discoveruni.gov.uk/course-details/10000721/BScABWC/Full-time/,BSc (Hons) Animal Behaviour & Wildlife Conservation,ACCEPTED,accepted; exact external evidence; pipeline confidence=0.90,,,,,
QA-0106,Bishop Burton College,Animal Behaviour & Wildlife Conservation,United Kingdom,Bachelor,duration,3 year course,programme,Discover Uni,https://discoveruni.gov.uk/course-details/10000721/BScABWC/Full-time/,Length 3 year course,ACCEPTED,accepted deterministic catalogue metadata; source column=Course length; exact programme context,,,,,
QA-0107,Bishop Burton College,Animal Behaviour & Wildlife Conservation,United Kingdom,Bachelor,location,Bishop Burton,programme,Discover Uni,https://discoveruni.gov.uk/course-details/10000721/BScABWC/Full-time/,Location : Bishop Burton,ACCEPTED,accepted deterministic catalogue metadata; source column=Course location; exact programme context,,,,,
QA-0108,Bishop Burton College,Animal Behaviour & Wildlife Conservation,United Kingdom,Bachelor,delivery_mode,Full time,programme,Discover Uni,https://discoveruni.gov.uk/course-details/10000721/BScABWC/Full-time/,Study mode Full time,ACCEPTED,accepted deterministic catalogue metadata; source column=Study mode; exact programme context,,,,,
QA-0109,Bishop Burton College,Animal Behaviour & Wildlife Conservation,United Kingdom,Bachelor,employment_outcomes,40%; period: 15 months after the course,programme,Discover Uni,https://discoveruni.gov.uk/course-details/10000721/BScABWC/Full-time/,40% In other work,ACCEPTED,accepted; exact external evidence; pipeline confidence=1.00,,,,,
QA-0110,Bishop Burton College,Applied Animal Behaviour and Training,United Kingdom,Bachelor,programme_identity,BSc (Hons) Applied Animal Behaviour and Training,programme,Discover Uni,https://discoveruni.gov.uk/course-details/10000721/BScAABT/Full-time/,BSc (Hons) Applied Animal Behaviour and Training,ACCEPTED,accepted; exact external evidence; pipeline confidence=0.95,,,,,
QA-0111,Bishop Burton College,Applied Animal Behaviour and Training,United Kingdom,Bachelor,credential,BSc (Hons),programme,Discover Uni,https://discoveruni.gov.uk/course-details/10000721/BScAABT/Full-time/,BSc (Hons) Applied Animal Behaviour and Training,ACCEPTED,accepted; exact external evidence; pipeline confidence=0.95,,,,,
QA-0112,Bishop Burton College,Applied Animal Behaviour and Training,United Kingdom,Bachelor,duration,3 year course,programme,Discover Uni,https://discoveruni.gov.uk/course-details/10000721/BScAABT/Full-time/,Length 3 year course,ACCEPTED,accepted deterministic catalogue metadata; source column=Course length; exact programme context,,,,,
QA-0113,Bishop Burton College,Applied Animal Behaviour and Training,United Kingdom,Bachelor,location,Bishop Burton,programme,Discover Uni,https://discoveruni.gov.uk/course-details/10000721/BScAABT/Full-time/,Location : Bishop Burton,ACCEPTED,accepted deterministic catalogue metadata; source column=Course location; exact programme context,,,,,
QA-0114,Bishop Burton College,Applied Animal Behaviour and Training,United Kingdom,Bachelor,delivery_mode,Full time,programme,Discover Uni,https://discoveruni.gov.uk/course-details/10000721/BScAABT/Full-time/,Study mode Full time,ACCEPTED,accepted deterministic catalogue metadata; source column=Study mode; exact programme context,,,,,
QA-0115,Bishop Burton College,Applied Animal Behaviour and Training,United Kingdom,Bachelor,career_outcomes,"GBP 16,500",programme,Discover Uni,https://discoveruni.gov.uk/course-details/10000721/BScAABT/Full-time/,"After 3 years £16,500 Typical range: £13,000 - £20,500 Data from 25 people. Data for students graduating 2015-17 Source: Longitudinal Education Outcomes (LEO) dataset",ACCEPTED,accepted; exact external evidence; pipeline confidence=0.85,,,,,
QA-0116,Blackburn College,Business with Management,United Kingdom,Bachelor,duration,3 year course,programme,Discover Uni,https://discoveruni.gov.uk/course-details/10000747/BS3026A26/Full-time/,Length 3 year course,ACCEPTED,accepted deterministic catalogue metadata; source column=Course length; exact programme context,,,,,
QA-0117,Blackburn College,Business with Management,United Kingdom,Bachelor,location,Main Campus,programme,Discover Uni,https://discoveruni.gov.uk/course-details/10000747/BS3026A26/Full-time/,Location : Main Campus,ACCEPTED,accepted deterministic catalogue metadata; source column=Course location; exact programme context,,,,,
QA-0118,Blackburn College,Business with Management,United Kingdom,Bachelor,delivery_mode,Full time,programme,Discover Uni,https://discoveruni.gov.uk/course-details/10000747/BS3026A26/Full-time/,Study mode Full time,ACCEPTED,accepted deterministic catalogue metadata; source column=Study mode; exact programme context,,,,,
QA-0119,Blackburn College,Business with Management,United Kingdom,Bachelor,employment_outcomes,"GBP 24,000 (credential=full-time Management studies courses)",programme,Discover Uni,https://discoveruni.gov.uk/course-details/10000747/BS3026A26/Full-time/,"After 5 years £24,000 Typical range: £17,500 - £31,000 Data from 25 people. Data for students graduating 2015-17 Source: Longitudinal Education Outcomes (LEO) dataset",REVIEW,review; exact external evidence; pipeline confidence=0.90; validation=EMPLOYMENT_FACT_MISSING,,,,,
QA-0120,Bournemouth University,Accounting and Finance,United Kingdom,Bachelor,programme_identity,Accounting and Finance,programme,Discover Uni,https://discoveruni.gov.uk/course-details/10000824/BAAFS_N420/Full-time/,Accounting and Finance at Bournemouth University | Discover Uni Course Details,ACCEPTED,accepted; exact external evidence; pipeline confidence=0.95,,,,,
QA-0121,Bournemouth University,Accounting and Finance,United Kingdom,Bachelor,credential,BA (Hons),programme,Discover Uni,https://discoveruni.gov.uk/course-details/10000824/BAAFS_N420/Full-time/,BA (Hons) Accounting and Finance,ACCEPTED,accepted; exact external evidence; pipeline confidence=0.95,,,,,
QA-0122,Bournemouth University,Accounting and Finance,United Kingdom,Bachelor,duration,3 year course,programme,Discover Uni,https://discoveruni.gov.uk/course-details/10000824/BAAFS_N420/Full-time/,Length 3 year course,ACCEPTED,accepted deterministic catalogue metadata; source column=Course length; exact programme context,,,,,
QA-0123,Bournemouth University,Accounting and Finance,United Kingdom,Bachelor,location,Bournemouth University,programme,Discover Uni,https://discoveruni.gov.uk/course-details/10000824/BAAFS_N420/Full-time/,Location : Bournemouth University,ACCEPTED,accepted deterministic catalogue metadata; source column=Course location; exact programme context,,,,,
QA-0124,Bournemouth University,Accounting and Finance,United Kingdom,Bachelor,delivery_mode,Full time,programme,Discover Uni,https://discoveruni.gov.uk/course-details/10000824/BAAFS_N420/Full-time/,Study mode Full time,ACCEPTED,accepted deterministic catalogue metadata; source column=Study mode; exact programme context,,,,,
QA-0125,Bournemouth University,Accounting and Finance,United Kingdom,Bachelor,career_outcomes,80%; outcome period: 15 months after graduation; data period: students graduating 2021-23,programme,Discover Uni,https://discoveruni.gov.uk/course-details/10000824/BAAFS_N420/Full-time/,80% of graduates find their current work meaningful,ACCEPTED,accepted; exact external evidence; pipeline confidence=0.70,,,,,
QA-0126,Health Sciences University,Radiography (Diagnostic Imaging),United Kingdom,Bachelor,programme_identity,BSc (Hons) Radiography (Diagnostic Imaging),programme,Discover Uni,https://discoveruni.gov.uk/course-details/10000163/BSRDIF-B821/Full-time/,BSc (Hons) Radiography (Diagnostic Imaging),ACCEPTED,accepted; exact external evidence; pipeline confidence=0.95,,,,,
QA-0127,Health Sciences University,Radiography (Diagnostic Imaging),United Kingdom,Bachelor,credential,BSc (Hons),programme,Discover Uni,https://discoveruni.gov.uk/course-details/10000163/BSRDIF-B821/Full-time/,BSc (Hons) Radiography (Diagnostic Imaging),ACCEPTED,accepted; exact external evidence; pipeline confidence=0.95,,,,,
QA-0128,Health Sciences University,Radiography (Diagnostic Imaging),United Kingdom,Bachelor,duration,3 year course,programme,Discover Uni,https://discoveruni.gov.uk/course-details/10000163/BSRDIF-B821/Full-time/,Length 3 year course,ACCEPTED,accepted deterministic catalogue metadata; source column=Course length; exact programme context,,,,,
QA-0129,Health Sciences University,Radiography (Diagnostic Imaging),United Kingdom,Bachelor,location,AECC University College,programme,Discover Uni,https://discoveruni.gov.uk/course-details/10000163/BSRDIF-B821/Full-time/,Location : AECC University College,ACCEPTED,accepted deterministic catalogue metadata; source column=Course location; exact programme context,,,,,
QA-0130,Health Sciences University,Radiography (Diagnostic Imaging),United Kingdom,Bachelor,delivery_mode,Full time,programme,Discover Uni,https://discoveruni.gov.uk/course-details/10000163/BSRDIF-B821/Full-time/,Study mode Full time,ACCEPTED,accepted deterministic catalogue metadata; source column=Study mode; exact programme context,,,,,
QA-0131,Health Sciences University,Radiography (Diagnostic Imaging),United Kingdom,Bachelor,career_outcomes,metric: professional accreditation; accreditation body: Health and Care Professions Council (HCPC); outcome: eligibility to apply for registration with the HCPC as a diagnostic radiographer,programme,Discover Uni,https://discoveruni.gov.uk/course-details/10000163/BSRDIF-B821/Full-time/,Approved by the Health and Care Professions Council (HCPC) for the purpose of providing eligibility to apply for registration with the HCPC as a diagnostic radiographer.,ACCEPTED,accepted; exact external evidence; pipeline confidence=0.95,,,,,
QA-0132,Health Sciences University,Radiography (Radiotherapy and Oncology),United Kingdom,Bachelor,programme_identity,Radiography (Radiotherapy and Oncology),programme,Discover Uni,https://discoveruni.gov.uk/course-details/10000163/BSRROF-B822/Full-time/,Radiography (Radiotherapy and Oncology) at Health Sciences University,ACCEPTED,accepted; exact external evidence; pipeline confidence=0.95,,,,,
QA-0133,Health Sciences University,Radiography (Radiotherapy and Oncology),United Kingdom,Bachelor,credential,BSc (Hons),programme,Discover Uni,https://discoveruni.gov.uk/course-details/10000163/BSRROF-B822/Full-time/,BSc (Hons) Radiography (Radiotherapy and Oncology),ACCEPTED,accepted; exact external evidence; pipeline confidence=0.95,,,,,
QA-0134,Health Sciences University,Radiography (Radiotherapy and Oncology),United Kingdom,Bachelor,duration,3 year course,programme,Discover Uni,https://discoveruni.gov.uk/course-details/10000163/BSRROF-B822/Full-time/,Length 3 year course,ACCEPTED,accepted deterministic catalogue metadata; source column=Course length; exact programme context,,,,,
QA-0135,Health Sciences University,Radiography (Radiotherapy and Oncology),United Kingdom,Bachelor,location,AECC University College,programme,Discover Uni,https://discoveruni.gov.uk/course-details/10000163/BSRROF-B822/Full-time/,Location : AECC University College,ACCEPTED,accepted deterministic catalogue metadata; source column=Course location; exact programme context,,,,,
QA-0136,Health Sciences University,Radiography (Radiotherapy and Oncology),United Kingdom,Bachelor,delivery_mode,Full time,programme,Discover Uni,https://discoveruni.gov.uk/course-details/10000163/BSRROF-B822/Full-time/,Study mode Full time,ACCEPTED,accepted deterministic catalogue metadata; source column=Study mode; exact programme context,,,,,
QA-0137,Health Sciences University,Radiography (Radiotherapy and Oncology),United Kingdom,Bachelor,career_outcomes,90%; period: 15 months after the course,programme,Discover Uni,https://discoveruni.gov.uk/course-details/10000163/BSRROF-B822/Full-time/,90% are using what they learnt during their studies in their current work 15 months after the course for Subjects allied to medicine graduates at Health Sciences University,ACCEPTED,accepted; exact external evidence; pipeline confidence=0.70,,,,,
QA-0138,King's College London,Computer Science,United Kingdom,Bachelor,programme_identity,Computer Science,programme,Discover Uni,https://discoveruni.gov.uk/course-details/10003645/UBSH3CSCS/Full-time/,Computer Science at King's College London | Discover Uni Course Details,ACCEPTED,accepted; exact external evidence; pipeline confidence=0.95,,,,,
QA-0139,King's College London,Computer Science,United Kingdom,Bachelor,credential,BSc (Hons),programme,Discover Uni,https://discoveruni.gov.uk/course-details/10003645/UBSH3CSCS/Full-time/,BSc (Hons) Computer Science,ACCEPTED,accepted; exact external evidence; pipeline confidence=0.95,,,,,
QA-0140,King's College London,Computer Science,United Kingdom,Bachelor,duration,3 year course,programme,Discover Uni,https://discoveruni.gov.uk/course-details/10003645/UBSH3CSCS/Full-time/,Length 3 year course,ACCEPTED,accepted deterministic catalogue metadata; source column=Course length; exact programme context,,,,,
QA-0141,King's College London,Computer Science,United Kingdom,Bachelor,location,Central London,programme,Discover Uni,https://discoveruni.gov.uk/course-details/10003645/UBSH3CSCS/Full-time/,Location : Central London,ACCEPTED,accepted deterministic catalogue metadata; source column=Course location; exact programme context,,,,,
QA-0142,King's College London,Computer Science,United Kingdom,Bachelor,delivery_mode,Full time,programme,Discover Uni,https://discoveruni.gov.uk/course-details/10003645/UBSH3CSCS/Full-time/,Study mode Full time,ACCEPTED,accepted deterministic catalogue metadata; source column=Study mode; exact programme context,,,,,
QA-0143,King's College London,Computer Science,United Kingdom,Bachelor,career_outcomes,85% Information Technology Professionals; period: 15 months after the course,programme,Discover Uni,https://discoveruni.gov.uk/course-details/10003645/UBSH3CSCS/Full-time/,85% Information Technology Professionals,ACCEPTED,accepted; exact external evidence; pipeline confidence=0.90,,,,,
QA-0144,Oxford University,Computer Science (3 or 4 years),United Kingdom,Bachelor,programme_identity,Computer Science (3 or 4 years),programme,Discover Uni,https://discoveruni.gov.uk/course-details/10007774/G400/Full-time/,Computer Science (3 or 4 years) at Oxford University,ACCEPTED,accepted; exact external evidence; pipeline confidence=0.95,,,,,
QA-0145,Oxford University,Computer Science (3 or 4 years),United Kingdom,Bachelor,credential,MCompSci (Hons),programme,Discover Uni,https://discoveruni.gov.uk/course-details/10007774/G400/Full-time/,MCompSci (Hons) Computer Science (3 or 4 years),ACCEPTED,accepted; exact external evidence; pipeline confidence=0.90,,,,,
QA-0146,Oxford University,Computer Science (3 or 4 years),United Kingdom,Bachelor,career_outcomes,90%; outcome period: 15 months after graduation; data period: 2021-23; source: Graduate Outcomes survey,programme,Discover Uni,https://discoveruni.gov.uk/course-details/10007774/G400/Full-time/,90% Meaningfulness My current work is meaningful.,ACCEPTED,accepted; exact external evidence; pipeline confidence=0.90,,,,,
QA-0147,Oxford University,Computer Science (3 or 4 years),United Kingdom,Bachelor,employment_outcomes,85% Information Technology Professionals; outcome period: 15 months after the course; data period: 2021-23; source: Graduate Outcomes survey,programme,Discover Uni,https://discoveruni.gov.uk/course-details/10007774/G400/Full-time/,85% Information Technology Professionals,ACCEPTED,accepted; exact external evidence; pipeline confidence=0.90,,,,,
QA-0148,The University of Edinburgh,Computer Science,United Kingdom,Bachelor,duration,4 year course,programme,Discover Uni,https://discoveruni.gov.uk/course-details/10007790/UTCMPSIBENGH/Full-time/,Length 4 year course,ACCEPTED,accepted deterministic catalogue metadata; source column=Course length; exact programme context,,,,,
QA-0149,The University of Edinburgh,Computer Science,United Kingdom,Bachelor,location,Central,programme,Discover Uni,https://discoveruni.gov.uk/course-details/10007790/UTCMPSIBENGH/Full-time/,Location : Central,ACCEPTED,accepted deterministic catalogue metadata; source column=Course location; exact programme context,,,,,
QA-0150,The University of Edinburgh,Computer Science,United Kingdom,Bachelor,delivery_mode,Full time,programme,Discover Uni,https://discoveruni.gov.uk/course-details/10007790/UTCMPSIBENGH/Full-time/,Study mode Full time,ACCEPTED,accepted deterministic catalogue metadata; source column=Study mode; exact programme context,,,,,
QA-0151,The University of Edinburgh,Computer Science,United Kingdom,Bachelor,employment_outcomes,5% Engineering professionals; period: 15 months after the course,programme,Discover Uni,https://discoveruni.gov.uk/course-details/10007790/UTCMPSIBENGH/Full-time/,5% Engineering professionals,REVIEW,review; exact external evidence; pipeline confidence=0.85; validation=POPULATION_NOT_SUPPORTED,,,,,
QA-0152,The University of Manchester,Computer Science,United Kingdom,Bachelor,programme_identity,BSc (Hons) Computer Science,programme,Discover Uni,https://discoveruni.gov.uk/course-details/10007798/28/Full-time/,BSc (Hons) Computer Science,ACCEPTED,accepted; exact external evidence; pipeline confidence=0.95,,,,,
QA-0153,The University of Manchester,Computer Science,United Kingdom,Bachelor,credential,BSc (Hons),programme,Discover Uni,https://discoveruni.gov.uk/course-details/10007798/28/Full-time/,BSc (Hons) Computer Science,ACCEPTED,accepted; exact external evidence; pipeline confidence=0.95,,,,,
QA-0154,The University of Manchester,Computer Science,United Kingdom,Bachelor,duration,4 year course,programme,Discover Uni,https://discoveruni.gov.uk/course-details/10007798/28/Full-time/,Length 4 year course,ACCEPTED,accepted deterministic catalogue metadata; source column=Course length; exact programme context,,,,,
QA-0155,The University of Manchester,Computer Science,United Kingdom,Bachelor,location,Main Campus,programme,Discover Uni,https://discoveruni.gov.uk/course-details/10007798/28/Full-time/,Location : Main Campus,ACCEPTED,accepted deterministic catalogue metadata; source column=Course location; exact programme context,,,,,
QA-0156,The University of Manchester,Computer Science,United Kingdom,Bachelor,delivery_mode,Full time,programme,Discover Uni,https://discoveruni.gov.uk/course-details/10007798/28/Full-time/,Study mode Full time,ACCEPTED,accepted deterministic catalogue metadata; source column=Study mode; exact programme context,,,,,
QA-0157,The University of Manchester,Computer Science,United Kingdom,Bachelor,career_outcomes,metric: occupation_distribution; occupations: 90%; 5%; 5%; period: 15 months after the course; population: students graduating 2022-23,programme,Discover Uni,https://discoveruni.gov.uk/course-details/10007798/28/Full-time/,100% In highly skilled work 90% Information Technology Professionals 5% Engineering professionals 5% Business and public service associate professionals,ACCEPTED,accepted; exact external evidence; pipeline confidence=0.85,,,,,
QA-0158,The University of Manchester,Data Science,United Kingdom,Bachelor,external_source_status,,programme,Discover Uni,https://discoveruni.gov.uk/course-details/10007798/2571195/Full-time/,No admitted external field-bearing source was retained for this target.,SOURCE_ABSENCE,target-level source absence; no admitted external field-bearing source was retained,,,,,
QA-0159,University of Brighton,Business Management with Entrepreneurship,United Kingdom,Bachelor,programme_identity,BSc (Hons) Business Management with Entrepreneurship,programme,Discover Uni,https://discoveruni.gov.uk/course-details/10000886/BUEG001MUU/Full-time/,BSc (Hons) Business Management with Entrepreneurship,ACCEPTED,accepted; exact external evidence; pipeline confidence=0.95,,,,,
QA-0160,University of Brighton,Business Management with Entrepreneurship,United Kingdom,Bachelor,credential,BSc (Hons),programme,Discover Uni,https://discoveruni.gov.uk/course-details/10000886/BUEG001MUU/Full-time/,BSc (Hons) Business Management with Entrepreneurship,ACCEPTED,accepted; exact external evidence; pipeline confidence=0.95,,,,,
QA-0161,University of Brighton,Business Management with Entrepreneurship,United Kingdom,Bachelor,duration,3 year course,programme,Discover Uni,https://discoveruni.gov.uk/course-details/10000886/BUEG001MUU/Full-time/,Length 3 year course,ACCEPTED,accepted deterministic catalogue metadata; source column=Course length; exact programme context,,,,,
QA-0162,University of Brighton,Business Management with Entrepreneurship,United Kingdom,Bachelor,location,Moulsecoomb,programme,Discover Uni,https://discoveruni.gov.uk/course-details/10000886/BUEG001MUU/Full-time/,Location : Moulsecoomb,ACCEPTED,accepted deterministic catalogue metadata; source column=Course location; exact programme context,,,,,
QA-0163,University of Brighton,Business Management with Entrepreneurship,United Kingdom,Bachelor,delivery_mode,Full time,programme,Discover Uni,https://discoveruni.gov.uk/course-details/10000886/BUEG001MUU/Full-time/,Study mode Full time,ACCEPTED,accepted deterministic catalogue metadata; source column=Study mode; exact programme context,,,,,
QA-0164,University of Brighton,Business Management with Entrepreneurship,United Kingdom,Bachelor,career_outcomes,65%; source: Graduate Outcomes survey,programme,Discover Uni,https://discoveruni.gov.uk/course-details/10000886/BUEG001MUU/Full-time/,65% of graduates find their current work meaningful,ACCEPTED,accepted; exact external evidence; pipeline confidence=0.85,,,,,
QA-0165,University of Brighton,Pharmacy,United Kingdom,Bachelor,programme_identity,MPharm (Hons) Pharmacy,programme,Discover Uni,https://discoveruni.gov.uk/course-details/10000886/APCB001MUU/Full-time/,MPharm (Hons) Pharmacy,ACCEPTED,accepted; exact external evidence; pipeline confidence=0.95,,,,,
QA-0166,University of Brighton,Pharmacy,United Kingdom,Bachelor,credential,MPharm (Hons),programme,Discover Uni,https://discoveruni.gov.uk/course-details/10000886/APCB001MUU/Full-time/,MPharm (Hons) Pharmacy,ACCEPTED,accepted; exact external evidence; pipeline confidence=0.95,,,,,
QA-0167,University of Brighton,Pharmacy,United Kingdom,Bachelor,duration,5 year course,programme,Discover Uni,https://discoveruni.gov.uk/course-details/10000886/APCB001MUU/Full-time/,Length 5 year course,ACCEPTED,accepted deterministic catalogue metadata; source column=Course length; exact programme context,,,,,
QA-0168,University of Brighton,Pharmacy,United Kingdom,Bachelor,location,Moulsecoomb,programme,Discover Uni,https://discoveruni.gov.uk/course-details/10000886/APCB001MUU/Full-time/,Location : Moulsecoomb,ACCEPTED,accepted deterministic catalogue metadata; source column=Course location; exact programme context,,,,,
QA-0169,University of Brighton,Pharmacy,United Kingdom,Bachelor,delivery_mode,Full time,programme,Discover Uni,https://discoveruni.gov.uk/course-details/10000886/APCB001MUU/Full-time/,Study mode Full time,ACCEPTED,accepted deterministic catalogue metadata; source column=Study mode; exact programme context,,,,,
QA-0170,University of Brighton,Pharmacy,United Kingdom,Bachelor,career_outcomes,85%; period: 15 months after the course,programme,Discover Uni,https://discoveruni.gov.uk/course-details/10000886/APCB001MUU/Full-time/,85% are using what they learnt during their studies in their current work 15 months after the course for Pharmacy graduates at University of Brighton,ACCEPTED,accepted; exact external evidence; pipeline confidence=0.90,,,,,
QA-0171,University of Bristol,Computer Science,United Kingdom,Bachelor,programme_identity,BSc (Hons) Computer Science,programme,Discover Uni,https://discoveruni.gov.uk/course-details/10007786/4COSC006UU-202425/Full-time/,BSc (Hons) Computer Science,ACCEPTED,accepted; exact external evidence; pipeline confidence=0.95,,,,,
QA-0172,University of Bristol,Computer Science,United Kingdom,Bachelor,credential,BSc (Hons),programme,Discover Uni,https://discoveruni.gov.uk/course-details/10007786/4COSC006UU-202425/Full-time/,BSc (Hons) Computer Science,ACCEPTED,accepted; exact external evidence; pipeline confidence=0.95,,,,,
QA-0173,University of Bristol,Computer Science,United Kingdom,Bachelor,duration,3 year course,programme,Discover Uni,https://discoveruni.gov.uk/course-details/10007786/4COSC006UU-202425/Full-time/,Length 3 year course,ACCEPTED,accepted deterministic catalogue metadata; source column=Course length; exact programme context,,,,,
QA-0174,University of Bristol,Computer Science,United Kingdom,Bachelor,location,University of Bristol,programme,Discover Uni,https://discoveruni.gov.uk/course-details/10007786/4COSC006UU-202425/Full-time/,Location : University of Bristol,ACCEPTED,accepted deterministic catalogue metadata; source column=Course location; exact programme context,,,,,
QA-0175,University of Bristol,Computer Science,United Kingdom,Bachelor,delivery_mode,Full time,programme,Discover Uni,https://discoveruni.gov.uk/course-details/10007786/4COSC006UU-202425/Full-time/,Study mode Full time,ACCEPTED,accepted deterministic catalogue metadata; source column=Study mode; exact programme context,,,,,
QA-0176,University of Bristol,Computer Science,United Kingdom,Bachelor,career_outcomes,outcome type: occupation_distribution; highly skilled work percentage: 80; information technology professionals percentage: 80; period: 15 months after the course,programme,Discover Uni,https://discoveruni.gov.uk/course-details/10007786/4COSC006UU-202425/Full-time/,80% In highly skilled work 80% Information Technology Professionals,ACCEPTED,accepted; exact external evidence; pipeline confidence=0.85,,,,,
QA-0177,University of Cambridge,Computer Science,United Kingdom,Bachelor,programme_identity,Computer Science,programme,Discover Uni,https://discoveruni.gov.uk/course-details/10007788/UG_CSTX/Full-time/,Computer Science at University of Cambridge | Discover Uni Course Details,ACCEPTED,accepted; exact external evidence; pipeline confidence=0.90,,,,,
QA-0178,University of Cambridge,Computer Science,United Kingdom,Bachelor,programme_focus,Computer Science,programme,Discover Uni,https://discoveruni.gov.uk/course-details/10007788/UG_CSTX/Full-time/,BA (Hons) Computer Science University of Cambridge,ACCEPTED,accepted; exact external evidence; pipeline confidence=0.90,,,,,
QA-0179,University of Cambridge,Computer Science,United Kingdom,Bachelor,curriculum_overview,"3 year course, full time",programme,Discover Uni,https://discoveruni.gov.uk/course-details/10007788/UG_CSTX/Full-time/,Study mode Full time Length 3 year course,ACCEPTED,accepted; exact external evidence; pipeline confidence=0.90,,,,,
QA-0180,University of Nottingham,Computer Science,United Kingdom,Bachelor,programme_identity,BSc (Hons) Computer Science,programme,Discover Uni,https://discoveruni.gov.uk/course-details/10007154/G400/Full-time/,BSc (Hons) Computer Science,ACCEPTED,accepted; exact external evidence; pipeline confidence=0.95,,,,,
QA-0181,University of Nottingham,Computer Science,United Kingdom,Bachelor,credential,BSc (Hons),programme,Discover Uni,https://discoveruni.gov.uk/course-details/10007154/G400/Full-time/,BSc (Hons) Computer Science,ACCEPTED,accepted; exact external evidence; pipeline confidence=0.95,,,,,
QA-0182,University of Nottingham,Computer Science,United Kingdom,Bachelor,learning_outcomes,The course has developed the knowledge and skills I think I will need for my future.,programme,Discover Uni,https://discoveruni.gov.uk/course-details/10007154/G400/Full-time/,77% The course has developed the knowledge and skills I think I will need for my future. Final year BSc (Hons) Computer Science students at The University of Nottingham,ACCEPTED,accepted; exact external evidence; pipeline confidence=0.70,,,,,
QA-0183,Boise State University,Boise State University Computer Science,United States,Master,tuition,Raw snapshot retrieved at: 2026-09-15T09:14:44+00:00 Archive member: Most-Recent-Cohorts-Institution.csv Annual tuition and fees for in-state students: 8068 [source column TUITIONFEE_IN] (currency=USD; basis=annual; audience=domestic) Annual tuition and fees for out-of-state students: 24988 [source column TUITIONFEE_OUT] (currency=USD; basis=annual; audience=international),programme,College Scorecard,https://ed-public-download.scorecard.network/downloads/Most-Recent-Cohorts-Institution.zip,Raw snapshot retrieved at: 2026-09-15T09:14:44+00:00 Archive member: Most-Recent-Cohorts-Institution.csv Annual tuition and fees for in-state students: 8068 [source column TUITIONFEE_IN] (currency=USD; basis=annual; audience=domestic) Annual tuition and fees for out-of-state students: 24988 [source column TUITIONFEE_OUT] (currency=USD; basis=annual; audience=international),REVIEW,"review; exact external evidence; pipeline confidence=0.65; validation=SOURCE_EXCERPT_ONLY, MISSING_TUITION_ACADEMIC_CYCLE, MISSING_TUITION_FEE_PERIOD",,,,,
QA-0184,Brigham Young University-Hawaii,Brigham Young University-Hawaii Engineering,United States,Bachelor,tuition,Raw snapshot retrieved at: 2026-09-15T09:12:46+00:00 Archive member: Most-Recent-Cohorts-Institution.csv Annual tuition and fees for in-state students: 5890 [source column TUITIONFEE_IN] (currency=USD; basis=annual; audience=domestic) Annual tuition and fees for out-of-state students: 5890 [source column TUITIONFEE_OUT] (currency=USD; basis=annual; audience=international),programme,College Scorecard,https://ed-public-download.scorecard.network/downloads/Most-Recent-Cohorts-Institution.zip,Raw snapshot retrieved at: 2026-09-15T09:12:46+00:00 Archive member: Most-Recent-Cohorts-Institution.csv Annual tuition and fees for in-state students: 5890 [source column TUITIONFEE_IN] (currency=USD; basis=annual; audience=domestic) Annual tuition and fees for out-of-state students: 5890 [source column TUITIONFEE_OUT] (currency=USD; basis=annual; audience=international),REVIEW,"review; exact external evidence; pipeline confidence=0.65; validation=SOURCE_EXCERPT_ONLY, MISSING_TUITION_ACADEMIC_CYCLE, MISSING_TUITION_FEE_PERIOD",,,,,
QA-0185,California State University-Northridge,California State University-Northridge Computer Science,United States,Master,tuition,"USD 18,897 / annual (credential=institution; audience=international)",institution,College Scorecard,https://ed-public-download.scorecard.network/downloads/Most-Recent-Cohorts-Institution.zip,r: Most-Recent-Cohorts-Institution.csv Annual tuition and fees for in-state students: 7017 [source column TUITIONFEE_IN] (currency=USD; basis=annual; audience=domestic) Annual tuition and fees for out-of-state students: 18897 [source column TUITIONFEE_OUT] (currency=USD; basis=annual; audience=international),REVIEW,"review; exact external evidence; pipeline confidence=0.90; validation=MISSING_TUITION_ACADEMIC_CYCLE, EVIDENCE_NOT_IN_SNAPSHOT; institution-scoped evidence shown in programme context",,,,,
QA-0186,California State University-Northridge,California State University-Northridge Computer Science,United States,Master,tuition,"USD 7,017 / annual (credential=in-state students; audience=domestic)",institution,College Scorecard,https://ed-public-download.scorecard.network/downloads/Most-Recent-Cohorts-Institution.zip,Annual tuition and fees for in-state students: 7017 [source column TUITIONFEE_IN] (currency=USD; basis=annual; audience=domestic),ACCEPTED,accepted; exact external evidence; pipeline confidence=0.90; institution-scoped evidence shown in programme context,,,,,
QA-0187,California State University-Northridge,California State University-Northridge Computer Science,United States,Master,tuition,"USD 18,897 / annual (credential=out-of-state students; audience=international)",institution,College Scorecard,https://ed-public-download.scorecard.network/downloads/Most-Recent-Cohorts-Institution.zip,Annual tuition and fees for out-of-state students: 18897 [source column TUITIONFEE_OUT] (currency=USD; basis=annual; audience=international),ACCEPTED,accepted; exact external evidence; pipeline confidence=0.90; institution-scoped evidence shown in programme context,,,,,
QA-0188,Carnegie Mellon University,Carnegie Mellon Machine Learning (alternate),United States,Bachelor,tuition,Raw snapshot retrieved at: 2026-09-15T08:09:56+00:00 Archive member: Most-Recent-Cohorts-Institution.csv Annual tuition and fees for in-state students: 58810 [source column TUITIONFEE_IN] (currency=USD; basis=annual; audience=domestic) Annual tuition and fees for out-of-state students: 58810 [source column TUITIONFEE_OUT] (currency=USD; basis=annual; audience=international),programme,College Scorecard,https://ed-public-download.scorecard.network/downloads/Most-Recent-Cohorts-Institution.zip,Raw snapshot retrieved at: 2026-09-15T08:09:56+00:00 Archive member: Most-Recent-Cohorts-Institution.csv Annual tuition and fees for in-state students: 58810 [source column TUITIONFEE_IN] (currency=USD; basis=annual; audience=domestic) Annual tuition and fees for out-of-state students: 58810 [source column TUITIONFEE_OUT] (currency=USD; basis=annual; audience=international),REVIEW,"review; exact external evidence; pipeline confidence=0.65; validation=SOURCE_EXCERPT_ONLY, MISSING_TUITION_ACADEMIC_CYCLE, MISSING_TUITION_FEE_PERIOD",,,,,
QA-0189,Columbia University in the City of New York,Columbia Computer Science,United States,Master,tuition,Raw snapshot retrieved at: 2026-09-15T08:09:03+00:00 Archive member: Most-Recent-Cohorts-Institution.csv Annual tuition and fees for in-state students: 61671 [source column TUITIONFEE_IN] (currency=USD; basis=annual; audience=domestic) Annual tuition and fees for out-of-state students: 61671 [source column TUITIONFEE_OUT] (currency=USD; basis=annual; audience=international),programme,College Scorecard,https://ed-public-download.scorecard.network/downloads/Most-Recent-Cohorts-Institution.zip,Raw snapshot retrieved at: 2026-09-15T08:09:03+00:00 Archive member: Most-Recent-Cohorts-Institution.csv Annual tuition and fees for in-state students: 61671 [source column TUITIONFEE_IN] (currency=USD; basis=annual; audience=domestic) Annual tuition and fees for out-of-state students: 61671 [source column TUITIONFEE_OUT] (currency=USD; basis=annual; audience=international),REVIEW,"review; exact external evidence; pipeline confidence=0.65; validation=SOURCE_EXCERPT_ONLY, MISSING_TUITION_ACADEMIC_CYCLE, MISSING_TUITION_FEE_PERIOD",,,,,
QA-0190,Columbia University in the City of New York,Columbia Computer Science (alternate),United States,Bachelor,tuition,Raw snapshot retrieved at: 2026-09-15T08:09:03+00:00 Archive member: Most-Recent-Cohorts-Institution.csv Annual tuition and fees for in-state students: 61671 [source column TUITIONFEE_IN] (currency=USD; basis=annual; audience=domestic) Annual tuition and fees for out-of-state students: 61671 [source column TUITIONFEE_OUT] (currency=USD; basis=annual; audience=international),programme,College Scorecard,https://ed-public-download.scorecard.network/downloads/Most-Recent-Cohorts-Institution.zip,Raw snapshot retrieved at: 2026-09-15T08:09:03+00:00 Archive member: Most-Recent-Cohorts-Institution.csv Annual tuition and fees for in-state students: 61671 [source column TUITIONFEE_IN] (currency=USD; basis=annual; audience=domestic) Annual tuition and fees for out-of-state students: 61671 [source column TUITIONFEE_OUT] (currency=USD; basis=annual; audience=international),REVIEW,"review; exact external evidence; pipeline confidence=0.65; validation=SOURCE_EXCERPT_ONLY, MISSING_TUITION_ACADEMIC_CYCLE, MISSING_TUITION_FEE_PERIOD",,,,,
QA-0191,Harvard University,Harvard Computer Science,United States,Master,tuition,"USD 54,002 / annual (credential=in-state students; audience=domestic)",institution,College Scorecard,https://ed-public-download.scorecard.network/downloads/Most-Recent-Cohorts-Institution.zip,Annual tuition and fees for in-state students: 54002 [source column TUITIONFEE_IN] (currency=USD; basis=annual; audience=domestic),ACCEPTED,accepted; exact external evidence; pipeline confidence=0.90; institution-scoped evidence shown in programme context,,,,,
QA-0192,Harvard University,Harvard Computer Science,United States,Master,tuition,"USD 54,002 / annual (credential=out-of-state students; audience=international)",institution,College Scorecard,https://ed-public-download.scorecard.network/downloads/Most-Recent-Cohorts-Institution.zip,Annual tuition and fees for out-of-state students: 54002 [source column TUITIONFEE_OUT] (currency=USD; basis=annual; audience=international),ACCEPTED,accepted; exact external evidence; pipeline confidence=0.90; institution-scoped evidence shown in programme context,,,,,
QA-0193,Howard University,Howard University Computer Science,United States,Master,tuition,Raw snapshot retrieved at: 2026-09-15T08:48:01+00:00 Archive member: Most-Recent-Cohorts-Institution.csv Annual tuition and fees for in-state students: 28440 [source column TUITIONFEE_IN] (currency=USD; basis=annual; audience=domestic) Annual tuition and fees for out-of-state students: 28440 [source column TUITIONFEE_OUT] (currency=USD; basis=annual; audience=international),programme,College Scorecard,https://ed-public-download.scorecard.network/downloads/Most-Recent-Cohorts-Institution.zip,Raw snapshot retrieved at: 2026-09-15T08:48:01+00:00 Archive member: Most-Recent-Cohorts-Institution.csv Annual tuition and fees for in-state students: 28440 [source column TUITIONFEE_IN] (currency=USD; basis=annual; audience=domestic) Annual tuition and fees for out-of-state students: 28440 [source column TUITIONFEE_OUT] (currency=USD; basis=annual; audience=international),REVIEW,"review; exact external evidence; pipeline confidence=0.65; validation=SOURCE_EXCERPT_ONLY, MISSING_TUITION_ACADEMIC_CYCLE, MISSING_TUITION_FEE_PERIOD",,,,,
QA-0194,Indiana University-Bloomington,Indiana University-Bloomington Engineering,United States,Bachelor,tuition,Raw snapshot retrieved at: 2026-09-15T09:16:25+00:00 Archive member: Most-Recent-Cohorts-Institution.csv Annual tuition and fees for in-state students: 11221 [source column TUITIONFEE_IN] (currency=USD; basis=annual; audience=domestic) Annual tuition and fees for out-of-state students: 37600 [source column TUITIONFEE_OUT] (currency=USD; basis=annual; audience=international),programme,College Scorecard,https://ed-public-download.scorecard.network/downloads/Most-Recent-Cohorts-Institution.zip,Raw snapshot retrieved at: 2026-09-15T09:16:25+00:00 Archive member: Most-Recent-Cohorts-Institution.csv Annual tuition and fees for in-state students: 11221 [source column TUITIONFEE_IN] (currency=USD; basis=annual; audience=domestic) Annual tuition and fees for out-of-state students: 37600 [source column TUITIONFEE_OUT] (currency=USD; basis=annual; audience=international),REVIEW,"review; exact external evidence; pipeline confidence=0.65; validation=SOURCE_EXCERPT_ONLY, MISSING_TUITION_ACADEMIC_CYCLE, MISSING_TUITION_FEE_PERIOD",,,,,
QA-0195,Liberty University,Liberty University Computer Science,United States,Master,tuition,Raw snapshot retrieved at: 2026-09-15T09:33:12+00:00 Archive member: Most-Recent-Cohorts-Institution.csv Annual tuition and fees for in-state students: 21587 [source column TUITIONFEE_IN] (currency=USD; basis=annual; audience=domestic) Annual tuition and fees for out-of-state students: 21587 [source column TUITIONFEE_OUT] (currency=USD; basis=annual; audience=international),programme,College Scorecard,https://ed-public-download.scorecard.network/downloads/Most-Recent-Cohorts-Institution.zip,Raw snapshot retrieved at: 2026-09-15T09:33:12+00:00 Archive member: Most-Recent-Cohorts-Institution.csv Annual tuition and fees for in-state students: 21587 [source column TUITIONFEE_IN] (currency=USD; basis=annual; audience=domestic) Annual tuition and fees for out-of-state students: 21587 [source column TUITIONFEE_OUT] (currency=USD; basis=annual; audience=international),REVIEW,"review; exact external evidence; pipeline confidence=0.65; validation=SOURCE_EXCERPT_ONLY, MISSING_TUITION_ACADEMIC_CYCLE, MISSING_TUITION_FEE_PERIOD",,,,,
QA-0196,Massachusetts Institute of Technology,MIT Computer Science (alternate),United States,Bachelor,tuition,Raw snapshot retrieved at: 2026-09-15T08:06:12+00:00 Archive member: Most-Recent-Cohorts-Institution.csv Annual tuition and fees for in-state students: 53450 [source column TUITIONFEE_IN] (currency=USD; basis=annual; audience=domestic) Annual tuition and fees for out-of-state students: 53450 [source column TUITIONFEE_OUT] (currency=USD; basis=annual; audience=international),programme,College Scorecard,https://ed-public-download.scorecard.network/downloads/Most-Recent-Cohorts-Institution.zip,Raw snapshot retrieved at: 2026-09-15T08:06:12+00:00 Archive member: Most-Recent-Cohorts-Institution.csv Annual tuition and fees for in-state students: 53450 [source column TUITIONFEE_IN] (currency=USD; basis=annual; audience=domestic) Annual tuition and fees for out-of-state students: 53450 [source column TUITIONFEE_OUT] (currency=USD; basis=annual; audience=international),REVIEW,"review; exact external evidence; pipeline confidence=0.65; validation=SOURCE_EXCERPT_ONLY, MISSING_TUITION_ACADEMIC_CYCLE, MISSING_TUITION_FEE_PERIOD",,,,,
QA-0197,Pacific Islands University,Pacific Islands University Computer Science,United States,Master,tuition,Raw snapshot retrieved at: 2026-09-15T09:05:19+00:00 Archive member: Most-Recent-Cohorts-Institution.csv Annual tuition and fees for in-state students: 6110 [source column TUITIONFEE_IN] (currency=USD; basis=annual; audience=domestic) Annual tuition and fees for out-of-state students: 6110 [source column TUITIONFEE_OUT] (currency=USD; basis=annual; audience=international),programme,College Scorecard,https://ed-public-download.scorecard.network/downloads/Most-Recent-Cohorts-Institution.zip,Raw snapshot retrieved at: 2026-09-15T09:05:19+00:00 Archive member: Most-Recent-Cohorts-Institution.csv Annual tuition and fees for in-state students: 6110 [source column TUITIONFEE_IN] (currency=USD; basis=annual; audience=domestic) Annual tuition and fees for out-of-state students: 6110 [source column TUITIONFEE_OUT] (currency=USD; basis=annual; audience=international),REVIEW,"review; exact external evidence; pipeline confidence=0.65; validation=SOURCE_EXCERPT_ONLY, MISSING_TUITION_ACADEMIC_CYCLE, MISSING_TUITION_FEE_PERIOD",,,,,
QA-0198,Purdue University-Main Campus,Purdue Engineering,United States,Bachelor,tuition,Raw snapshot retrieved at: 2026-09-15T08:11:01+00:00 Archive member: Most-Recent-Cohorts-Institution.csv Annual tuition and fees for in-state students: 9992 [source column TUITIONFEE_IN] (currency=USD; basis=annual; audience=domestic) Annual tuition and fees for out-of-state students: 28794 [source column TUITIONFEE_OUT] (currency=USD; basis=annual; audience=international),programme,College Scorecard,https://ed-public-download.scorecard.network/downloads/Most-Recent-Cohorts-Institution.zip,Raw snapshot retrieved at: 2026-09-15T08:11:01+00:00 Archive member: Most-Recent-Cohorts-Institution.csv Annual tuition and fees for in-state students: 9992 [source column TUITIONFEE_IN] (currency=USD; basis=annual; audience=domestic) Annual tuition and fees for out-of-state students: 28794 [source column TUITIONFEE_OUT] (currency=USD; basis=annual; audience=international),REVIEW,"review; exact external evidence; pipeline confidence=0.65; validation=SOURCE_EXCERPT_ONLY, MISSING_TUITION_ACADEMIC_CYCLE, MISSING_TUITION_FEE_PERIOD",,,,,
QA-0199,Purdue University-Main Campus,Purdue Engineering (alternate),United States,Master,tuition,Raw snapshot retrieved at: 2026-09-15T08:11:01+00:00 Archive member: Most-Recent-Cohorts-Institution.csv Annual tuition and fees for in-state students: 9992 [source column TUITIONFEE_IN] (currency=USD; basis=annual; audience=domestic) Annual tuition and fees for out-of-state students: 28794 [source column TUITIONFEE_OUT] (currency=USD; basis=annual; audience=international),programme,College Scorecard,https://ed-public-download.scorecard.network/downloads/Most-Recent-Cohorts-Institution.zip,Raw snapshot retrieved at: 2026-09-15T08:11:01+00:00 Archive member: Most-Recent-Cohorts-Institution.csv Annual tuition and fees for in-state students: 9992 [source column TUITIONFEE_IN] (currency=USD; basis=annual; audience=domestic) Annual tuition and fees for out-of-state students: 28794 [source column TUITIONFEE_OUT] (currency=USD; basis=annual; audience=international),REVIEW,"review; exact external evidence; pipeline confidence=0.65; validation=SOURCE_EXCERPT_ONLY, MISSING_TUITION_ACADEMIC_CYCLE, MISSING_TUITION_FEE_PERIOD",,,,,
QA-0200,University of California-Berkeley,Berkeley Data Science,United States,Master,tuition,Raw snapshot retrieved at: 2026-09-15T08:07:37+00:00 Archive member: Most-Recent-Cohorts-Institution.csv Annual tuition and fees for in-state students: 14312 [source column TUITIONFEE_IN] (currency=USD; basis=annual; audience=domestic) Annual tuition and fees for out-of-state students: 44066 [source column TUITIONFEE_OUT] (currency=USD; basis=annual; audience=international),programme,College Scorecard,https://ed-public-download.scorecard.network/downloads/Most-Recent-Cohorts-Institution.zip,Raw snapshot retrieved at: 2026-09-15T08:07:37+00:00 Archive member: Most-Recent-Cohorts-Institution.csv Annual tuition and fees for in-state students: 14312 [source column TUITIONFEE_IN] (currency=USD; basis=annual; audience=domestic) Annual tuition and fees for out-of-state students: 44066 [source column TUITIONFEE_OUT] (currency=USD; basis=annual; audience=international),REVIEW,"review; exact external evidence; pipeline confidence=0.65; validation=SOURCE_EXCERPT_ONLY, MISSING_TUITION_ACADEMIC_CYCLE, MISSING_TUITION_FEE_PERIOD",,,,,
QA-0201,University of Central Arkansas,University of Central Arkansas Computer Science,United States,Master,tuition,Raw snapshot retrieved at: 2026-09-15T08:40:59+00:00 Archive member: Most-Recent-Cohorts-Institution.csv Annual tuition and fees for in-state students: 9338 [source column TUITIONFEE_IN] (currency=USD; basis=annual; audience=domestic) Annual tuition and fees for out-of-state students: 16148 [source column TUITIONFEE_OUT] (currency=USD; basis=annual; audience=international),programme,College Scorecard,https://ed-public-download.scorecard.network/downloads/Most-Recent-Cohorts-Institution.zip,Raw snapshot retrieved at: 2026-09-15T08:40:59+00:00 Archive member: Most-Recent-Cohorts-Institution.csv Annual tuition and fees for in-state students: 9338 [source column TUITIONFEE_IN] (currency=USD; basis=annual; audience=domestic) Annual tuition and fees for out-of-state students: 16148 [source column TUITIONFEE_OUT] (currency=USD; basis=annual; audience=international),REVIEW,"review; exact external evidence; pipeline confidence=0.65; validation=SOURCE_EXCERPT_ONLY, MISSING_TUITION_ACADEMIC_CYCLE, MISSING_TUITION_FEE_PERIOD",,,,,
QA-0202,University of the Virgin Islands,University of the Virgin Islands Engineering,United States,Bachelor,tuition,Raw snapshot retrieved at: 2026-09-15T09:33:44+00:00 Archive member: Most-Recent-Cohorts-Institution.csv Annual tuition and fees for in-state students: 5235 [source column TUITIONFEE_IN] (currency=USD; basis=annual; audience=domestic) Annual tuition and fees for out-of-state students: 14496 [source column TUITIONFEE_OUT] (currency=USD; basis=annual; audience=international),programme,College Scorecard,https://ed-public-download.scorecard.network/downloads/Most-Recent-Cohorts-Institution.zip,Raw snapshot retrieved at: 2026-09-15T09:33:44+00:00 Archive member: Most-Recent-Cohorts-Institution.csv Annual tuition and fees for in-state students: 5235 [source column TUITIONFEE_IN] (currency=USD; basis=annual; audience=domestic) Annual tuition and fees for out-of-state students: 14496 [source column TUITIONFEE_OUT] (currency=USD; basis=annual; audience=international),REVIEW,"review; exact external evidence; pipeline confidence=0.65; validation=SOURCE_EXCERPT_ONLY, MISSING_TUITION_ACADEMIC_CYCLE, MISSING_TUITION_FEE_PERIOD",,,,,
QA-0203,Yale University,Yale Economics (alternate),United States,Master,tuition,Raw snapshot retrieved at: 2026-09-15T08:08:33+00:00 Archive member: Most-Recent-Cohorts-Institution.csv Annual tuition and fees for in-state students: 57700 [source column TUITIONFEE_IN] (currency=USD; basis=annual; audience=domestic) Annual tuition and fees for out-of-state students: 57700 [source column TUITIONFEE_OUT] (currency=USD; basis=annual; audience=international),programme,College Scorecard,https://ed-public-download.scorecard.network/downloads/Most-Recent-Cohorts-Institution.zip,Raw snapshot retrieved at: 2026-09-15T08:08:33+00:00 Archive member: Most-Recent-Cohorts-Institution.csv Annual tuition and fees for in-state students: 57700 [source column TUITIONFEE_IN] (currency=USD; basis=annual; audience=domestic) Annual tuition and fees for out-of-state students: 57700 [source column TUITIONFEE_OUT] (currency=USD; basis=annual; audience=international),REVIEW,"review; exact external evidence; pipeline confidence=0.65; validation=SOURCE_EXCERPT_ONLY, MISSING_TUITION_ACADEMIC_CYCLE, MISSING_TUITION_FEE_PERIOD",,,,,
