review_id,target_institution_id,target_programme_id,target_institution,target_programme,target_url,country,degree_level,discipline,field_name,resolution_level,final_value,target_scope,donor_institution,donor_programme,donor_value,donor_scope,provider,source_url,evidence_text,raw_document_id,support_count,combined_uncertainty,compatibility_reason
HQA-00011,oxford-uk-canary,00164ee0-24b0-5e69-8c8b-979d08113044,Oxford University,Mathematics and Computer Science,https://discoveruni.gov.uk/course-details/10007774/GG14/Full-time/,UK,bachelor,computer science,career_outcomes,H3,"{""data_period"": ""2021-23"", ""measure"": ""meaningfulness"", ""outcome_period"": ""15 months after graduation"", ""percentage"": 90, ""source"": ""Graduate Outcomes survey"", ""statement"": ""My current work is meaningful.""}",programme,Oxford University,Computer Science (3 or 4 years),"{""data_period"": ""2021-23"", ""measure"": ""meaningfulness"", ""outcome_period"": ""15 months after graduation"", ""percentage"": 90, ""source"": ""Graduate Outcomes survey"", ""statement"": ""My current work is meaningful.""}",programme,discover_uni_hesa,https://discoveruni.gov.uk/course-details/10007774/G400/Full-time/,90% Meaningfulness My current work is meaningful.,0c4dd25b-38b4-4b8d-8afd-2a1be734aafb,1,0.3403,HIERARCHICAL_DONOR_SELECTED
HQA-00012,oxford-uk-canary,00164ee0-24b0-5e69-8c8b-979d08113044,Oxford University,Mathematics and Computer Science,https://discoveruni.gov.uk/course-details/10007774/GG14/Full-time/,UK,bachelor,computer science,employment_outcomes,H3,"{""audience"": null, ""data_period"": ""2021-23"", ""occupation"": ""Information Technology Professionals"", ""outcome_period"": ""15 months after the course"", ""percentage"": 85, ""source"": ""Graduate Outcomes survey""}",programme,Oxford University,Computer Science (3 or 4 years),"{""audience"": null, ""data_period"": ""2021-23"", ""occupation"": ""Information Technology Professionals"", ""outcome_period"": ""15 months after the course"", ""percentage"": 85, ""source"": ""Graduate Outcomes survey""}",programme,discover_uni_hesa,https://discoveruni.gov.uk/course-details/10007774/G400/Full-time/,85% Information Technology Professionals,0c4dd25b-38b4-4b8d-8afd-2a1be734aafb,1,0.3403,HIERARCHICAL_DONOR_SELECTED
HQA-00153,manchester-uk-canary,056c787b-cb1e-526e-bb3d-9a731e339a19,The University of Manchester,Data Science,https://discoveruni.gov.uk/course-details/10007798/2571195/Full-time/,UK,bachelor,data science,programme_identity,H3,BSc (Hons) Computer Science,programme,The University of Manchester,Computer Science,BSc (Hons) Computer Science,programme,discover_uni_hesa,https://discoveruni.gov.uk/course-details/10007798/28/Full-time/,BSc (Hons) Computer Science,97877c20-4907-4527-80b9-bf0a1837029d,1,0.367,HIERARCHICAL_DONOR_SELECTED
HQA-00154,manchester-uk-canary,056c787b-cb1e-526e-bb3d-9a731e339a19,The University of Manchester,Data Science,https://discoveruni.gov.uk/course-details/10007798/2571195/Full-time/,UK,bachelor,data science,credential,H3,BSc (Hons),programme,The University of Manchester,Computer Science,BSc (Hons),programme,discover_uni_hesa,https://discoveruni.gov.uk/course-details/10007798/28/Full-time/,BSc (Hons) Computer Science,97877c20-4907-4527-80b9-bf0a1837029d,1,0.367,HIERARCHICAL_DONOR_SELECTED
HQA-00159,manchester-uk-canary,056c787b-cb1e-526e-bb3d-9a731e339a19,The University of Manchester,Data Science,https://discoveruni.gov.uk/course-details/10007798/2571195/Full-time/,UK,bachelor,data science,duration,H3,4 year course,programme,The University of Manchester,Computer Science,4 year course,programme,discover_uni_hesa,https://discoveruni.gov.uk/course-details/10007798/28/Full-time/,Length 4 year course,97877c20-4907-4527-80b9-bf0a1837029d,1,0.367,HIERARCHICAL_DONOR_SELECTED
HQA-00160,manchester-uk-canary,056c787b-cb1e-526e-bb3d-9a731e339a19,The University of Manchester,Data Science,https://discoveruni.gov.uk/course-details/10007798/2571195/Full-time/,UK,bachelor,data science,location,H3,Main Campus,programme,The University of Manchester,Computer Science,Main Campus,programme,discover_uni_hesa,https://discoveruni.gov.uk/course-details/10007798/28/Full-time/,Location : Main Campus,97877c20-4907-4527-80b9-bf0a1837029d,1,0.367,HIERARCHICAL_DONOR_SELECTED
HQA-00161,manchester-uk-canary,056c787b-cb1e-526e-bb3d-9a731e339a19,The University of Manchester,Data Science,https://discoveruni.gov.uk/course-details/10007798/2571195/Full-time/,UK,bachelor,data science,delivery_mode,H3,Full time,programme,The University of Manchester,Computer Science,Full time,programme,discover_uni_hesa,https://discoveruni.gov.uk/course-details/10007798/28/Full-time/,Study mode Full time,97877c20-4907-4527-80b9-bf0a1837029d,1,0.367,HIERARCHICAL_DONOR_SELECTED
HQA-00163,manchester-uk-canary,056c787b-cb1e-526e-bb3d-9a731e339a19,The University of Manchester,Data Science,https://discoveruni.gov.uk/course-details/10007798/2571195/Full-time/,UK,bachelor,data science,career_outcomes,H3,"{""metric"": ""work_meaningfulness"", ""percentage"": 80, ""period"": ""15 months after graduation"", ""population"": ""students graduating 2022-23""}",programme,The University of Manchester,Computer Science,"{""metric"": ""work_meaningfulness"", ""percentage"": 80, ""period"": ""15 months after graduation"", ""population"": ""students graduating 2022-23""}",programme,discover_uni_hesa,https://discoveruni.gov.uk/course-details/10007798/28/Full-time/,80% of graduates find their current work meaningful Source: Graduate Outcomes survey Data for students graduating 2022-23,97877c20-4907-4527-80b9-bf0a1837029d,1,0.367,HIERARCHICAL_DONOR_SELECTED
HQA-00164,manchester-uk-canary,056c787b-cb1e-526e-bb3d-9a731e339a19,The University of Manchester,Data Science,https://discoveruni.gov.uk/course-details/10007798/2571195/Full-time/,UK,bachelor,data science,employment_outcomes,H3,"{""audience"": null, ""metric"": ""occupation"", ""occupation"": ""Business and public service associate professionals"", ""percentage"": 5, ""period"": ""15 months after the course"", ""population"": ""students graduating 2022-23""}",programme,The University of Manchester,Computer Science,"{""audience"": null, ""metric"": ""occupation"", ""occupation"": ""Business and public service associate professionals"", ""percentage"": 5, ""period"": ""15 months after the course"", ""population"": ""students graduating 2022-23""}",programme,discover_uni_hesa,https://discoveruni.gov.uk/course-details/10007798/28/Full-time/,5% Business and public service associate professionals,97877c20-4907-4527-80b9-bf0a1837029d,1,0.367,HIERARCHICAL_DONOR_SELECTED
HQA-00173,manchester-uk-canary,056c787b-cb1e-526e-bb3d-9a731e339a19,The University of Manchester,Data Science,https://discoveruni.gov.uk/course-details/10007798/2571195/Full-time/,UK,bachelor,data science,ielts_overall,H3,7,programme,The University of Manchester,Computer Science,7,programme,official_university_page,https://www.manchester.ac.uk/study/undergraduate/courses/2026/00559/bsc-computer-science-with-industrial-experience/,"English Language grade B/6. GCSE/IGCSE English Literature will not be accepted in lieu of GCSE/IGCSE English Language. IELTS 7.0 overall, with no subscore below 6.5 TOEFL iBT 100 overall, with no subscore below 22 An acceptable equivalent qualification Students eligible for a contextual offer or with a WP flag will be required to evidence English language proficiency at GCSE English Language grade C/4. This concession only applies to GCSE/IGCSE. See our contextual admissions page for full details and to check your eligibility. If you need to",stage1-coverage-20260916-raw-0554036670b353a8c6edf9aa,1,0.297,HIERARCHICAL_DONOR_SELECTED
HQA-00174,manchester-uk-canary,056c787b-cb1e-526e-bb3d-9a731e339a19,The University of Manchester,Data Science,https://discoveruni.gov.uk/course-details/10007798/2571195/Full-time/,UK,bachelor,data science,ielts_subscores,H3,"{""minimum_each"": 6.5, ""minimum_overall"": 7, ""source_text"": ""English Language grade B/6. GCSE/IGCSE English Literature will not be accepted in lieu of GCSE/IGCSE English Language. IELTS 7.0 overall, with no subscore below 6.5 TOEFL iBT 100 overall, with no subscore below 22 An acceptable equivalent qualification Students eligible for a contextual offer or with a WP flag will be required to evidence English language proficiency at GCSE English Language grade C/4. This concession only applies to GCSE/IGCSE. See our contextual admissions page for full details and to check your eligibility. If you need to""}",programme,The University of Manchester,Computer Science,"{""minimum_each"": 6.5, ""minimum_overall"": 7, ""source_text"": ""English Language grade B/6. GCSE/IGCSE English Literature will not be accepted in lieu of GCSE/IGCSE English Language. IELTS 7.0 overall, with no subscore below 6.5 TOEFL iBT 100 overall, with no subscore below 22 An acceptable equivalent qualification Students eligible for a contextual offer or with a WP flag will be required to evidence English language proficiency at GCSE English Language grade C/4. This concession only applies to GCSE/IGCSE. See our contextual admissions page for full details and to check your eligibility. If you need to""}",programme,official_university_page,https://www.manchester.ac.uk/study/undergraduate/courses/2026/00559/bsc-computer-science-with-industrial-experience/,"English Language grade B/6. GCSE/IGCSE English Literature will not be accepted in lieu of GCSE/IGCSE English Language. IELTS 7.0 overall, with no subscore below 6.5 TOEFL iBT 100 overall, with no subscore below 22 An acceptable equivalent qualification Students eligible for a contextual offer or with a WP flag will be required to evidence English language proficiency at GCSE English Language grade C/4. This concession only applies to GCSE/IGCSE. See our contextual admissions page for full details and to check your eligibility. If you need to",stage1-coverage-20260916-raw-0554036670b353a8c6edf9aa,1,0.297,HIERARCHICAL_DONOR_SELECTED
HQA-00175,manchester-uk-canary,056c787b-cb1e-526e-bb3d-9a731e339a19,The University of Manchester,Data Science,https://discoveruni.gov.uk/course-details/10007798/2571195/Full-time/,UK,bachelor,data science,toefl,H3,100,programme,The University of Manchester,Computer Science,100,programme,official_university_page,https://www.manchester.ac.uk/study/undergraduate/courses/2026/00559/bsc-computer-science-with-industrial-experience/,"h Literature will not be accepted in lieu of GCSE/IGCSE English Language. IELTS 7.0 overall, with no subscore below 6.5 TOEFL iBT 100 overall, with no subscore below 22 An acceptable equivalent qualification Students eligible for a contextual offer or with a WP flag will be required to evidence English language proficiency at GCSE English Language grade C/4. This concession only applies to GCSE/IGCSE. See our contextual admissions page for full details and to check your eligibility. If you need to improve your English language skills to",stage1-coverage-20260916-raw-0554036670b353a8c6edf9aa,1,0.297,HIERARCHICAL_DONOR_SELECTED
HQA-00186,manchester-uk-canary,056c787b-cb1e-526e-bb3d-9a731e339a19,The University of Manchester,Data Science,https://discoveruni.gov.uk/course-details/10007798/2571195/Full-time/,UK,bachelor,data science,scholarships,H3,"{""details"": ""Scholarships/sponsorships The University of Manchester is committed to attracting and supporting the very best students."", ""funding_type"": ""financial_aid_policy""}",programme,The University of Manchester,Computer Science,"{""details"": ""Scholarships/sponsorships The University of Manchester is committed to attracting and supporting the very best students."", ""funding_type"": ""financial_aid_policy""}",programme,official_university_page,https://www.manchester.ac.uk/study/undergraduate/courses/2026/00559/bsc-computer-science-with-industrial-experience/,Scholarships/sponsorships The University of Manchester is committed to attracting and supporting the very best students.,stage1-coverage-20260916-raw-0554036670b353a8c6edf9aa,1,0.297,HIERARCHICAL_DONOR_SELECTED
HQA-00685,discover-uk-stage1-001,1370d5b6-1a85-52bd-ab33-535fe62aeee9,Abingdon and Witney College,Business and Management Practice,https://discoveruni.gov.uk/en/course-details/10000055/FDA-BMP/Part-time/,UK,bachelor,business,programme_identity,H3,FdA Business and Management Practice,programme,Abingdon and Witney College,Business and Management Practice,FdA Business and Management Practice,programme,discover_uni_hesa,https://discoveruni.gov.uk/course-details/10000055/FDA-BMP/Full-time/,FdA Business and Management Practice,39c1f52c-8be8-4252-b5d2-7f00b0e4e35c,1,0.3403,HIERARCHICAL_DONOR_SELECTED
HQA-00686,discover-uk-stage1-001,1370d5b6-1a85-52bd-ab33-535fe62aeee9,Abingdon and Witney College,Business and Management Practice,https://discoveruni.gov.uk/en/course-details/10000055/FDA-BMP/Part-time/,UK,bachelor,business,credential,H3,FdA,programme,Abingdon and Witney College,Business and Management Practice,FdA,programme,discover_uni_hesa,https://discoveruni.gov.uk/course-details/10000055/FDA-BMP/Full-time/,FdA Business and Management Practice,39c1f52c-8be8-4252-b5d2-7f00b0e4e35c,1,0.3403,HIERARCHICAL_DONOR_SELECTED
HQA-00691,discover-uk-stage1-001,1370d5b6-1a85-52bd-ab33-535fe62aeee9,Abingdon and Witney College,Business and Management Practice,https://discoveruni.gov.uk/en/course-details/10000055/FDA-BMP/Part-time/,UK,bachelor,business,duration,H3,2 year course,programme,Abingdon and Witney College,Business and Management Practice,2 year course,programme,discover_uni_hesa,https://discoveruni.gov.uk/course-details/10000055/FDA-BMP/Full-time/,Length 2 year course,39c1f52c-8be8-4252-b5d2-7f00b0e4e35c,1,0.3403,HIERARCHICAL_DONOR_SELECTED
HQA-00692,discover-uk-stage1-001,1370d5b6-1a85-52bd-ab33-535fe62aeee9,Abingdon and Witney College,Business and Management Practice,https://discoveruni.gov.uk/en/course-details/10000055/FDA-BMP/Part-time/,UK,bachelor,business,location,H3,Abingdon and Witney College,programme,Abingdon and Witney College,Business and Management Practice,Abingdon and Witney College,programme,discover_uni_hesa,https://discoveruni.gov.uk/course-details/10000055/FDA-BMP/Full-time/,Location : Abingdon and Witney College,39c1f52c-8be8-4252-b5d2-7f00b0e4e35c,1,0.3403,HIERARCHICAL_DONOR_SELECTED
HQA-00693,discover-uk-stage1-001,1370d5b6-1a85-52bd-ab33-535fe62aeee9,Abingdon and Witney College,Business and Management Practice,https://discoveruni.gov.uk/en/course-details/10000055/FDA-BMP/Part-time/,UK,bachelor,business,delivery_mode,H3,Full time,programme,Abingdon and Witney College,Business and Management Practice,Full time,programme,discover_uni_hesa,https://discoveruni.gov.uk/course-details/10000055/FDA-BMP/Full-time/,Study mode Full time,39c1f52c-8be8-4252-b5d2-7f00b0e4e35c,1,0.3403,HIERARCHICAL_DONOR_SELECTED
HQA-00733,discover-uk-stage1-006,1494bc65-9315-5198-a797-81202c1520c0,The Arts University Bournemouth,Acting for Screen,https://discoveruni.gov.uk/en/course-details/10000385/BAACTF/Full-time/,UK,bachelor,other,career_outcomes,H3,"{""artistic_literary_and_media_occupations"": 30, ""business_and_public_service_associate_professionals"": 10, ""data_period"": ""students graduating 2021-23"", ""elementary_occupations"": 10, ""in_highly_skilled_work"": 50, ""in_other_work"": 30, ""in_unknown_work"": 20, ""leisure_travel_and_related_personal_service_occupations"": 5, ""metric"": ""occupation_types_15_months_after_course"", ""process_plant_and_machine_operatives"": 5, ""sales_occupations"": 10, ""source"": ""Graduate Outcomes survey"", ""teaching_professionals"": 5, ""welfare_and_housing_associate_professionals"": 5}",programme,The Arts University Bournemouth,Acting,"{""artistic_literary_and_media_occupations"": 30, ""business_and_public_service_associate_professionals"": 10, ""data_period"": ""students graduating 2021-23"", ""elementary_occupations"": 10, ""in_highly_skilled_work"": 50, ""in_other_work"": 30, ""in_unknown_work"": 20, ""leisure_travel_and_related_personal_service_occupations"": 5, ""metric"": ""occupation_types_15_months_after_course"", ""process_plant_and_machine_operatives"": 5, ""sales_occupations"": 10, ""source"": ""Graduate Outcomes survey"", ""teaching_professionals"": 5, ""welfare_and_housing_associate_professionals"": 5}",programme,discover_uni_hesa,https://discoveruni.gov.uk/course-details/10000385/BAACT/Full-time/,"50% In highly skilled work 30% Artistic, literary and media occupations 10% Business and public service associate professionals 5% Teaching Professionals 5% Welfare and housing associate professionals 30% In other work 10% Sales occupations 10% Elementary occupations 5% Leisure, travel and related personal service occupations 5% Process, plant and machine operatives 20% In unknown work",1d815bae-748e-41ac-8670-6aff5396f590,1,0.3403,HIERARCHICAL_DONOR_SELECTED
HQA-01103,nottingham-uk-canary,203e027d-3bf3-57ca-9bf7-6bcaf82a909a,University of Nottingham,Computer Science,https://discoveruni.gov.uk/course-details/10007154/G404/Full-time/,UK,bachelor,computer science,programme_identity,H3,BSc (Hons) Computer Science,programme,University of Nottingham,Computer Science,BSc (Hons) Computer Science,programme,discover_uni_hesa,https://discoveruni.gov.uk/course-details/10007154/G400/Full-time/,BSc (Hons) Computer Science,88e2f3a4-7810-4c98-9526-09db818fa4cb,1,0.3403,HIERARCHICAL_DONOR_SELECTED
HQA-01104,nottingham-uk-canary,203e027d-3bf3-57ca-9bf7-6bcaf82a909a,University of Nottingham,Computer Science,https://discoveruni.gov.uk/course-details/10007154/G404/Full-time/,UK,bachelor,computer science,credential,H3,BSc (Hons),programme,University of Nottingham,Computer Science,BSc (Hons),programme,discover_uni_hesa,https://discoveruni.gov.uk/course-details/10007154/G400/Full-time/,BSc (Hons) Computer Science,88e2f3a4-7810-4c98-9526-09db818fa4cb,1,0.3403,HIERARCHICAL_DONOR_SELECTED
HQA-01109,nottingham-uk-canary,203e027d-3bf3-57ca-9bf7-6bcaf82a909a,University of Nottingham,Computer Science,https://discoveruni.gov.uk/course-details/10007154/G404/Full-time/,UK,bachelor,computer science,duration,H3,3 year course,programme,University of Nottingham,Computer Science,3 year course,programme,discover_uni_hesa,https://discoveruni.gov.uk/course-details/10007154/G400/Full-time/,Length 3 year course,88e2f3a4-7810-4c98-9526-09db818fa4cb,1,0.3403,HIERARCHICAL_DONOR_SELECTED
HQA-01110,nottingham-uk-canary,203e027d-3bf3-57ca-9bf7-6bcaf82a909a,University of Nottingham,Computer Science,https://discoveruni.gov.uk/course-details/10007154/G404/Full-time/,UK,bachelor,computer science,location,H3,The University of Nottingham,programme,University of Nottingham,Computer Science,The University of Nottingham,programme,discover_uni_hesa,https://discoveruni.gov.uk/course-details/10007154/G400/Full-time/,Location : The University of Nottingham,88e2f3a4-7810-4c98-9526-09db818fa4cb,1,0.3403,HIERARCHICAL_DONOR_SELECTED
HQA-01111,nottingham-uk-canary,203e027d-3bf3-57ca-9bf7-6bcaf82a909a,University of Nottingham,Computer Science,https://discoveruni.gov.uk/course-details/10007154/G404/Full-time/,UK,bachelor,computer science,delivery_mode,H3,Full time,programme,University of Nottingham,Computer Science,Full time,programme,discover_uni_hesa,https://discoveruni.gov.uk/course-details/10007154/G400/Full-time/,Study mode Full time,88e2f3a4-7810-4c98-9526-09db818fa4cb,1,0.3403,HIERARCHICAL_DONOR_SELECTED
HQA-01113,nottingham-uk-canary,203e027d-3bf3-57ca-9bf7-6bcaf82a909a,University of Nottingham,Computer Science,https://discoveruni.gov.uk/course-details/10007154/G404/Full-time/,UK,bachelor,computer science,career_outcomes,H3,GBP 35000 / 15 months after the course,programme,University of Nottingham,Computer Science,GBP 35000 / 15 months after the course,programme,discover_uni_hesa,https://discoveruni.gov.uk/course-details/10007154/G400/Full-time/,"Median Earnings £35,000 15 months after the course for Computer science graduates at The University of Nottingham",88e2f3a4-7810-4c98-9526-09db818fa4cb,1,0.3403,HIERARCHICAL_DONOR_SELECTED
HQA-01114,nottingham-uk-canary,203e027d-3bf3-57ca-9bf7-6bcaf82a909a,University of Nottingham,Computer Science,https://discoveruni.gov.uk/course-details/10007154/G404/Full-time/,UK,bachelor,computer science,employment_outcomes,H3,"{""audience"": null, ""metric"": ""in_highly_skilled_work"", ""percentage"": 90, ""period"": ""15 months after the course"", ""population"": ""students graduating 2022-23""}",programme,University of Nottingham,Computer Science,"{""audience"": null, ""metric"": ""in_highly_skilled_work"", ""percentage"": 90, ""period"": ""15 months after the course"", ""population"": ""students graduating 2022-23""}",programme,discover_uni_hesa,https://discoveruni.gov.uk/course-details/10007154/G400/Full-time/,90% In highly skilled work,88e2f3a4-7810-4c98-9526-09db818fa4cb,1,0.3403,HIERARCHICAL_DONOR_SELECTED
HQA-01301,duo-nl-stage1-012,238d15b9-57e1-528e-be9e-cc49a0b2f186,Stichting ArtEZ,B Music Jazz & Pop,https://onderwijsdata.duo.nl/api/3/action/datastore_search?resource_id=ffffa7ad-e6a2-4ba7-9fc2-a09df4128555&limit=1&filters=%7B%22ONDERWIJSBESTUURID%22%3A%22107B580%22%2C%22OPLEIDINGSEENHEIDCODE%22%3A%221007O7895%22%7D&target=duo-nl-stage1-012-1007O7895,NL,bachelor,other,delivery_mode,H3,part-time,programme,Stichting ArtEZ,Fine Art and Design in Education,part-time,programme,duo_rio,https://onderwijsdata.duo.nl/api/3/action/datastore_search?resource_id=ffffa7ad-e6a2-4ba7-9fc2-a09df4128555&limit=1&filters=%7B%22ONDERWIJSBESTUURID%22%3A%22107B580%22%2C%22OPLEIDINGSEENHEIDCODE%22%3A%221001O5087%22%7D,DUO RIO VORM=DEELTIJD,stage1-coverage-20260916-raw-631fa824493f39c5b1c1d29a,1,0.2703,HIERARCHICAL_DONOR_SELECTED
HQA-01302,duo-nl-stage1-012,238d15b9-57e1-528e-be9e-cc49a0b2f186,Stichting ArtEZ,B Music Jazz & Pop,https://onderwijsdata.duo.nl/api/3/action/datastore_search?resource_id=ffffa7ad-e6a2-4ba7-9fc2-a09df4128555&limit=1&filters=%7B%22ONDERWIJSBESTUURID%22%3A%22107B580%22%2C%22OPLEIDINGSEENHEIDCODE%22%3A%221007O7895%22%7D&target=duo-nl-stage1-012-1007O7895,NL,bachelor,other,programme_language,H3,Dutch,programme,Stichting ArtEZ,Fine Art and Design in Education,Dutch,programme,duo_rio,https://onderwijsdata.duo.nl/api/3/action/datastore_search?resource_id=ffffa7ad-e6a2-4ba7-9fc2-a09df4128555&limit=1&filters=%7B%22ONDERWIJSBESTUURID%22%3A%22107B580%22%2C%22OPLEIDINGSEENHEIDCODE%22%3A%221001O5087%22%7D,DUO RIO VOERTAAL=NLD,stage1-coverage-20260916-raw-631fa824493f39c5b1c1d29a,1,0.2703,HIERARCHICAL_DONOR_SELECTED
HQA-01312,duo-nl-stage1-012,238d15b9-57e1-528e-be9e-cc49a0b2f186,Stichting ArtEZ,B Music Jazz & Pop,https://onderwijsdata.duo.nl/api/3/action/datastore_search?resource_id=ffffa7ad-e6a2-4ba7-9fc2-a09df4128555&limit=1&filters=%7B%22ONDERWIJSBESTUURID%22%3A%22107B580%22%2C%22OPLEIDINGSEENHEIDCODE%22%3A%221007O7895%22%7D&target=duo-nl-stage1-012-1007O7895,NL,bachelor,other,work_experience,H3,"{""details"": ""DUO RIO reports GEEN_EISEN for EISEN_WERKZAAMHEDEN."", ""requirement_status"": ""not_required""}",programme,Stichting ArtEZ,Fine Art and Design in Education,"{""details"": ""DUO RIO reports GEEN_EISEN for EISEN_WERKZAAMHEDEN."", ""requirement_status"": ""not_required""}",programme,duo_rio,https://onderwijsdata.duo.nl/api/3/action/datastore_search?resource_id=ffffa7ad-e6a2-4ba7-9fc2-a09df4128555&limit=1&filters=%7B%22ONDERWIJSBESTUURID%22%3A%22107B580%22%2C%22OPLEIDINGSEENHEIDCODE%22%3A%221001O5087%22%7D,DUO RIO EISEN_WERKZAAMHEDEN=GEEN_EISEN,stage1-coverage-20260916-raw-631fa824493f39c5b1c1d29a,1,0.2703,HIERARCHICAL_DONOR_SELECTED
HQA-01330,duo-nl-stage1-012,238d15b9-57e1-528e-be9e-cc49a0b2f186,Stichting ArtEZ,B Music Jazz & Pop,https://onderwijsdata.duo.nl/api/3/action/datastore_search?resource_id=ffffa7ad-e6a2-4ba7-9fc2-a09df4128555&limit=1&filters=%7B%22ONDERWIJSBESTUURID%22%3A%22107B580%22%2C%22OPLEIDINGSEENHEIDCODE%22%3A%221007O7895%22%7D&target=duo-nl-stage1-012-1007O7895,NL,bachelor,other,application_url,H3,https://www.artez.nl/opleidingen/bachelor/docent-beeldende-kunst-en-vormgeving-deeltijd-arnhem,programme,Stichting ArtEZ,Fine Art and Design in Education,https://www.artez.nl/opleidingen/bachelor/docent-beeldende-kunst-en-vormgeving-deeltijd-arnhem,programme,duo_rio,https://onderwijsdata.duo.nl/api/3/action/datastore_search?resource_id=ffffa7ad-e6a2-4ba7-9fc2-a09df4128555&limit=1&filters=%7B%22ONDERWIJSBESTUURID%22%3A%22107B580%22%2C%22OPLEIDINGSEENHEIDCODE%22%3A%221001O5087%22%7D,DUO RIO WEBSITE=https://www.artez.nl/opleidingen/bachelor/docent-beeldende-kunst-en-vormgeving-deeltijd-arnhem,stage1-coverage-20260916-raw-631fa824493f39c5b1c1d29a,1,0.2703,HIERARCHICAL_DONOR_SELECTED
HQA-01683,discover-uk-stage1-018,2b10d957-eb9b-5583-b2bb-fc1c741a300b,Bournemouth University,Accounting,https://discoveruni.gov.uk/en/course-details/10000824/BAACS_N423/Full-time/,UK,bachelor,other,career_outcomes,H3,"{""data_period"": ""students graduating 2021-23"", ""measure"": ""graduates find their current work meaningful"", ""note"": ""data displayed is from students on this and other courses in Finance"", ""outcome_period"": ""15 months after graduation"", ""percentage"": 80}",programme,Bournemouth University,Accounting and Finance,"{""data_period"": ""students graduating 2021-23"", ""measure"": ""graduates find their current work meaningful"", ""note"": ""data displayed is from students on this and other courses in Finance"", ""outcome_period"": ""15 months after graduation"", ""percentage"": 80}",programme,discover_uni_hesa,https://discoveruni.gov.uk/course-details/10000824/BAAFS_N420/Full-time/,80% of graduates find their current work meaningful,1a40bedf-576c-4132-a997-02f5bf4e60a9,1,0.3403,HIERARCHICAL_DONOR_SELECTED
HQA-01684,discover-uk-stage1-018,2b10d957-eb9b-5583-b2bb-fc1c741a300b,Bournemouth University,Accounting,https://discoveruni.gov.uk/en/course-details/10000824/BAACS_N423/Full-time/,UK,bachelor,other,employment_outcomes,H3,"{""audience"": null, ""data_period"": ""students graduating 2021-23"", ""occupation"": ""Managers, directors and senior officials"", ""outcome_period"": ""15 months after the course"", ""percentage"": 5}",programme,Bournemouth University,Accounting and Finance,"{""audience"": null, ""data_period"": ""students graduating 2021-23"", ""occupation"": ""Managers, directors and senior officials"", ""outcome_period"": ""15 months after the course"", ""percentage"": 5}",programme,discover_uni_hesa,https://discoveruni.gov.uk/course-details/10000824/BAAFS_N420/Full-time/,"5% Managers, directors and senior officials",1a40bedf-576c-4132-a997-02f5bf4e60a9,1,0.3403,HIERARCHICAL_DONOR_SELECTED
HQA-01993,discover-uk-stage1-015,339349f1-ea76-5178-8eb9-8401fbcf9143,BLACKPOOL AND THE FYLDE COLLEGE,Engineering (Robotics and Automation Engineering),https://discoveruni.gov.uk/en/course-details/10000754/ET1HE601/Full-time/,UK,bachelor,engineering,subject_prerequisites,H3,"including passes in mathematics GCSE Requirements - English Language and Mathematics GCSEs at grade C/4 or above (or equivalent qualifications, such as Functional Skills at Level 2)",programme,BLACKPOOL AND THE FYLDE COLLEGE,Engineering (Automotive Engineering),"including passes in mathematics GCSE Requirements - English Language and Mathematics GCSEs at grade C/4 or above (or equivalent qualifications, such as Functional Skills at Level 2)",programme,official_university_page,https://www.blackpool.ac.uk/course/ET1HE0001,"subject PPP from Extended Diploma, MP from Diploma, MM from 90 Credit Diploma in a science or technology-based subject, including passes in mathematics GCSE Requirements - English Language and Mathematics GCSEs at grade C/4 or above (or equivalent qualifications, such as Functional Skills at Level 2). Applicants for whom English is not their first language are expected to achieve a minimum 6.0 overall with at least 5.5 in each component Applicants who are able to demonstrate relevant work/life skills or knowledge will also be considered on an individual b",stage1-coverage-20260916-raw-e068cff21c5ec333172bcc06,1,0.2703,HIERARCHICAL_DONOR_SELECTED
HQA-02025,cambridge-uk-canary,363052cb-99e3-5cb4-bfc4-512e4dc078a2,University of Cambridge,Natural Sciences,https://discoveruni.gov.uk/course-details/10007788/UG_NSTX/Full-time/,UK,bachelor,computer science,career_outcomes,H3,"{""cohort"": ""Computer science graduates at University of Cambridge"", ""currency"": ""GBP"", ""data_source"": ""Graduate Outcomes survey"", ""median_earnings"": 55000, ""period"": ""15 months after the course"", ""typical_range"": ""£40,000 - £80,000""}",programme,University of Cambridge,Computer Science,"{""cohort"": ""Computer science graduates at University of Cambridge"", ""currency"": ""GBP"", ""data_source"": ""Graduate Outcomes survey"", ""median_earnings"": 55000, ""period"": ""15 months after the course"", ""typical_range"": ""£40,000 - £80,000""}",programme,discover_uni_hesa,https://discoveruni.gov.uk/course-details/10007788/UG_CSTX/Full-time/,"Median Earnings £55,000 15 months after the course for Computer science graduates at University of Cambridge",56e7fa50-d7e4-4976-81fd-224ea4fb6687,1,0.3403,HIERARCHICAL_DONOR_SELECTED
HQA-02129,discover-uk-stage1-022,3a574afc-69e2-5f98-8d89-a358555d61bb,Bristol Baptist College,"Theology, Ministry and Mission",https://discoveruni.gov.uk/en/course-details/10000894/DIPTMM/Full-time/,UK,bachelor,other,programme_identity,H3,"Theology, Ministry and Mission",programme,Bristol Baptist College,"Theology, Ministry and Mission","Theology, Ministry and Mission",programme,discover_uni_hesa,https://discoveruni.gov.uk/course-details/10000894/BATMM/Full-time/,"Theology, Ministry and Mission at Bristol Baptist College",a06ebeb2-d804-41f7-9ef9-110521fe76fd,1,0.3403,HIERARCHICAL_DONOR_SELECTED
HQA-02130,discover-uk-stage1-022,3a574afc-69e2-5f98-8d89-a358555d61bb,Bristol Baptist College,"Theology, Ministry and Mission",https://discoveruni.gov.uk/en/course-details/10000894/DIPTMM/Full-time/,UK,bachelor,other,credential,H3,BA (Hons),programme,Bristol Baptist College,"Theology, Ministry and Mission",BA (Hons),programme,discover_uni_hesa,https://discoveruni.gov.uk/course-details/10000894/BATMM/Full-time/,"BA (Hons) Theology, Ministry and Mission",a06ebeb2-d804-41f7-9ef9-110521fe76fd,1,0.3403,HIERARCHICAL_DONOR_SELECTED
HQA-02135,discover-uk-stage1-022,3a574afc-69e2-5f98-8d89-a358555d61bb,Bristol Baptist College,"Theology, Ministry and Mission",https://discoveruni.gov.uk/en/course-details/10000894/DIPTMM/Full-time/,UK,bachelor,other,duration,H3,3 year course,programme,Bristol Baptist College,"Theology, Ministry and Mission",3 year course,programme,discover_uni_hesa,https://discoveruni.gov.uk/course-details/10000894/BATMM/Full-time/,Length 3 year course,a06ebeb2-d804-41f7-9ef9-110521fe76fd,1,0.3403,HIERARCHICAL_DONOR_SELECTED
HQA-02136,discover-uk-stage1-022,3a574afc-69e2-5f98-8d89-a358555d61bb,Bristol Baptist College,"Theology, Ministry and Mission",https://discoveruni.gov.uk/en/course-details/10000894/DIPTMM/Full-time/,UK,bachelor,other,location,H3,Bristol Baptist College,programme,Bristol Baptist College,"Theology, Ministry and Mission",Bristol Baptist College,programme,discover_uni_hesa,https://discoveruni.gov.uk/course-details/10000894/BATMM/Full-time/,Location : Bristol Baptist College,a06ebeb2-d804-41f7-9ef9-110521fe76fd,1,0.3403,HIERARCHICAL_DONOR_SELECTED
HQA-02137,discover-uk-stage1-022,3a574afc-69e2-5f98-8d89-a358555d61bb,Bristol Baptist College,"Theology, Ministry and Mission",https://discoveruni.gov.uk/en/course-details/10000894/DIPTMM/Full-time/,UK,bachelor,other,delivery_mode,H3,Full time,programme,Bristol Baptist College,"Theology, Ministry and Mission",Full time,programme,discover_uni_hesa,https://discoveruni.gov.uk/course-details/10000894/BATMM/Full-time/,Study mode Full time,a06ebeb2-d804-41f7-9ef9-110521fe76fd,1,0.3403,HIERARCHICAL_DONOR_SELECTED
HQA-02177,discover-uk-stage1-016,3de52a35-3c2d-58bb-9e06-01d688b47671,Boston College,Leadership & Management,https://discoveruni.gov.uk/en/course-details/10000812/113985/Full-time/,UK,bachelor,business,career_outcomes,H3,GBP 12500 / 3 years after the course,programme,Boston College,Film & Television,GBP 12500 / 3 years after the course,programme,discover_uni_hesa,https://discoveruni.gov.uk/course-details/10000812/1007595/Full-time/,"Median Earnings £12,500 3 years after the course for Design, and creative and performing arts graduates at Boston College",4d50f66f-cc5b-4918-9913-66922ac6d75d,1,0.367,HIERARCHICAL_DONOR_SELECTED
HQA-02186,discover-uk-stage1-016,3de52a35-3c2d-58bb-9e06-01d688b47671,Boston College,Leadership & Management,https://discoveruni.gov.uk/en/course-details/10000812/113985/Full-time/,UK,bachelor,business,work_experience,H3,"{""details"": ""Relevant work experience may be considered if you do not meet the above criteria"", ""requirement_status"": ""conditional""}",programme,Boston College,Film & Television,"{""details"": ""Relevant work experience may be considered if you do not meet the above criteria"", ""requirement_status"": ""conditional""}",programme,official_university_page,https://www.boston.ac.uk/find-a-course/view-all-courses/film-and-television-hnd-level-5,"bjects GCSEs in English and Maths at grade 4 (C) or above, or Functional Skills Level 2 and/or minimum IELTS score of 6 Relevant work experience may be considered if you do not meet the above criteria. Attendance The Film and Television HND Level 5 will take you 2 years to complete. You will attend college for 2-3 days per week at our Rochford Campus, plus approximately 24 hours of independent study per week. Fees and Funding The Film and Television HND Le",stage1-coverage-20260916-raw-bc049d80cf90369244d734ef,1,0.297,HIERARCHICAL_DONOR_SELECTED
HQA-02251,duo-nl-stage1-016,3fc9f03e-164a-5b94-a37c-d9730e54d91d,Stichting 'De Kempel',Education in Primary Schools (age 4 - 12),https://onderwijsdata.duo.nl/api/3/action/datastore_search?resource_id=ffffa7ad-e6a2-4ba7-9fc2-a09df4128555&limit=1&filters=%7B%22ONDERWIJSBESTUURID%22%3A%22107B555%22%2C%22OPLEIDINGSEENHEIDCODE%22%3A%221001O4366%22%7D&target=duo-nl-stage1-016-1001O4366,NL,bachelor,other,delivery_mode,H3,full-time,programme,Stichting 'De Kempel',"B Education in Primary Schools (age 4-12), full-time",full-time,programme,duo_rio,https://onderwijsdata.duo.nl/api/3/action/datastore_search?resource_id=ffffa7ad-e6a2-4ba7-9fc2-a09df4128555&limit=1&filters=%7B%22ONDERWIJSBESTUURID%22%3A%22107B555%22%2C%22OPLEIDINGSEENHEIDCODE%22%3A%221015O6755%22%7D,DUO RIO VORM=VOLTIJD,stage1-coverage-20260916-raw-ab7d7b1371ef6ef7b8d00483,1,0.2703,HIERARCHICAL_DONOR_SELECTED
HQA-02252,duo-nl-stage1-016,3fc9f03e-164a-5b94-a37c-d9730e54d91d,Stichting 'De Kempel',Education in Primary Schools (age 4 - 12),https://onderwijsdata.duo.nl/api/3/action/datastore_search?resource_id=ffffa7ad-e6a2-4ba7-9fc2-a09df4128555&limit=1&filters=%7B%22ONDERWIJSBESTUURID%22%3A%22107B555%22%2C%22OPLEIDINGSEENHEIDCODE%22%3A%221001O4366%22%7D&target=duo-nl-stage1-016-1001O4366,NL,bachelor,other,programme_language,H3,Dutch,programme,Stichting 'De Kempel',"B Education in Primary Schools (age 4-12), full-time",Dutch,programme,duo_rio,https://onderwijsdata.duo.nl/api/3/action/datastore_search?resource_id=ffffa7ad-e6a2-4ba7-9fc2-a09df4128555&limit=1&filters=%7B%22ONDERWIJSBESTUURID%22%3A%22107B555%22%2C%22OPLEIDINGSEENHEIDCODE%22%3A%221015O6755%22%7D,DUO RIO VOERTAAL=NLD,stage1-coverage-20260916-raw-ab7d7b1371ef6ef7b8d00483,1,0.2703,HIERARCHICAL_DONOR_SELECTED
HQA-02262,duo-nl-stage1-016,3fc9f03e-164a-5b94-a37c-d9730e54d91d,Stichting 'De Kempel',Education in Primary Schools (age 4 - 12),https://onderwijsdata.duo.nl/api/3/action/datastore_search?resource_id=ffffa7ad-e6a2-4ba7-9fc2-a09df4128555&limit=1&filters=%7B%22ONDERWIJSBESTUURID%22%3A%22107B555%22%2C%22OPLEIDINGSEENHEIDCODE%22%3A%221001O4366%22%7D&target=duo-nl-stage1-016-1001O4366,NL,bachelor,other,work_experience,H3,"{""details"": ""DUO RIO reports GEEN_EISEN for EISEN_WERKZAAMHEDEN."", ""requirement_status"": ""not_required""}",programme,Stichting 'De Kempel',"B Education in Primary Schools (age 4-12), full-time","{""details"": ""DUO RIO reports GEEN_EISEN for EISEN_WERKZAAMHEDEN."", ""requirement_status"": ""not_required""}",programme,duo_rio,https://onderwijsdata.duo.nl/api/3/action/datastore_search?resource_id=ffffa7ad-e6a2-4ba7-9fc2-a09df4128555&limit=1&filters=%7B%22ONDERWIJSBESTUURID%22%3A%22107B555%22%2C%22OPLEIDINGSEENHEIDCODE%22%3A%221015O6755%22%7D,DUO RIO EISEN_WERKZAAMHEDEN=GEEN_EISEN,stage1-coverage-20260916-raw-ab7d7b1371ef6ef7b8d00483,1,0.2703,HIERARCHICAL_DONOR_SELECTED
HQA-02327,duo-nl-stage1-013,415292e8-d52b-5e24-be5c-5c56f6284005,Stichting Avans,Master Materials & Energy Transition,https://onderwijsdata.duo.nl/api/3/action/datastore_search?resource_id=ffffa7ad-e6a2-4ba7-9fc2-a09df4128555&limit=1&filters=%7B%22ONDERWIJSBESTUURID%22%3A%22107B477%22%2C%22OPLEIDINGSEENHEIDCODE%22%3A%221015O7435%22%7D&target=duo-nl-stage1-013-1015O7435,NL,master,other,delivery_mode,H3,full-time,programme,Stichting Avans,Sustainability Transitions (joint degree),full-time,programme,duo_rio,https://onderwijsdata.duo.nl/api/3/action/datastore_search?resource_id=ffffa7ad-e6a2-4ba7-9fc2-a09df4128555&limit=1&filters=%7B%22ONDERWIJSBESTUURID%22%3A%22107B477%22%2C%22OPLEIDINGSEENHEIDCODE%22%3A%221016O4303%22%7D,DUO RIO VORM=VOLTIJD,stage1-coverage-20260916-raw-505ae4b4ed1cb9228db827df,1,0.297,HIERARCHICAL_DONOR_SELECTED
HQA-02328,duo-nl-stage1-013,415292e8-d52b-5e24-be5c-5c56f6284005,Stichting Avans,Master Materials & Energy Transition,https://onderwijsdata.duo.nl/api/3/action/datastore_search?resource_id=ffffa7ad-e6a2-4ba7-9fc2-a09df4128555&limit=1&filters=%7B%22ONDERWIJSBESTUURID%22%3A%22107B477%22%2C%22OPLEIDINGSEENHEIDCODE%22%3A%221015O7435%22%7D&target=duo-nl-stage1-013-1015O7435,NL,master,other,programme_language,H3,Dutch,programme,Stichting Avans,Sustainability Transitions (joint degree),Dutch,programme,duo_rio,https://onderwijsdata.duo.nl/api/3/action/datastore_search?resource_id=ffffa7ad-e6a2-4ba7-9fc2-a09df4128555&limit=1&filters=%7B%22ONDERWIJSBESTUURID%22%3A%22107B477%22%2C%22OPLEIDINGSEENHEIDCODE%22%3A%221016O4303%22%7D,DUO RIO VOERTAAL=NLD,stage1-coverage-20260916-raw-505ae4b4ed1cb9228db827df,1,0.297,HIERARCHICAL_DONOR_SELECTED
HQA-02338,duo-nl-stage1-013,415292e8-d52b-5e24-be5c-5c56f6284005,Stichting Avans,Master Materials & Energy Transition,https://onderwijsdata.duo.nl/api/3/action/datastore_search?resource_id=ffffa7ad-e6a2-4ba7-9fc2-a09df4128555&limit=1&filters=%7B%22ONDERWIJSBESTUURID%22%3A%22107B477%22%2C%22OPLEIDINGSEENHEIDCODE%22%3A%221015O7435%22%7D&target=duo-nl-stage1-013-1015O7435,NL,master,other,work_experience,H3,"{""details"": ""DUO RIO reports GEEN_EISEN for EISEN_WERKZAAMHEDEN."", ""requirement_status"": ""not_required""}",programme,Stichting Avans,Sustainability Transitions (joint degree),"{""details"": ""DUO RIO reports GEEN_EISEN for EISEN_WERKZAAMHEDEN."", ""requirement_status"": ""not_required""}",programme,duo_rio,https://onderwijsdata.duo.nl/api/3/action/datastore_search?resource_id=ffffa7ad-e6a2-4ba7-9fc2-a09df4128555&limit=1&filters=%7B%22ONDERWIJSBESTUURID%22%3A%22107B477%22%2C%22OPLEIDINGSEENHEIDCODE%22%3A%221016O4303%22%7D,DUO RIO EISEN_WERKZAAMHEDEN=GEEN_EISEN,stage1-coverage-20260916-raw-505ae4b4ed1cb9228db827df,1,0.297,HIERARCHICAL_DONOR_SELECTED
HQA-02405,discover-uk-stage1-011,43850490-0520-5cca-b9a2-0b1b84156049,University College Birmingham,Airport And Aviation Management,https://discoveruni.gov.uk/en/course-details/10000712/BA_AAM/Full-time/,UK,bachelor,business,career_outcomes,H3,"{""data_period"": ""students graduating 2022-23"", ""future_fit"": ""80%"", ""meaningfulness"": ""75%"", ""metric"": ""graduate_perceptions_of_work"", ""respondents"": 15, ""response_rate"": ""55%"", ""timeframe"": ""15 months after graduation"", ""usefulness"": ""80%""}",programme,University College Birmingham,Aesthetics,"{""data_period"": ""students graduating 2022-23"", ""future_fit"": ""80%"", ""meaningfulness"": ""75%"", ""metric"": ""graduate_perceptions_of_work"", ""respondents"": 15, ""response_rate"": ""55%"", ""timeframe"": ""15 months after graduation"", ""usefulness"": ""80%""}",programme,discover_uni_hesa,https://discoveruni.gov.uk/course-details/10000712/BA_ABP/Full-time/,80% Usefulness I am utilising what I learnt during my studies in my current work. 75% Meaningfulness My current work is meaningful. 80% Future My current work fits with my future plans.,20c8f985-e1b0-4ebd-a2e1-dc50695468d1,1,0.367,HIERARCHICAL_DONOR_SELECTED
HQA-02406,discover-uk-stage1-011,43850490-0520-5cca-b9a2-0b1b84156049,University College Birmingham,Airport And Aviation Management,https://discoveruni.gov.uk/en/course-details/10000712/BA_AAM/Full-time/,UK,bachelor,business,employment_outcomes,H3,"{""audience"": null, ""cohort"": ""BA (Hons) Aesthetics graduates at University College Birmingham"", ""data_period"": ""students graduating 2022-23"", ""metric"": ""go_on_to_work_and_or_study"", ""percentage"": 80, ""respondents"": 20, ""response_rate"": ""55%"", ""timeframe"": ""15 months after the course""}",programme,University College Birmingham,Aesthetics,"{""audience"": null, ""cohort"": ""BA (Hons) Aesthetics graduates at University College Birmingham"", ""data_period"": ""students graduating 2022-23"", ""metric"": ""go_on_to_work_and_or_study"", ""percentage"": 80, ""respondents"": 20, ""response_rate"": ""55%"", ""timeframe"": ""15 months after the course""}",programme,discover_uni_hesa,https://discoveruni.gov.uk/course-details/10000712/BA_ABP/Full-time/,80% go on to work and/or study 15 months after the course for BA (Hons) Aesthetics graduates at University College Birmingham,20c8f985-e1b0-4ebd-a2e1-dc50695468d1,1,0.367,HIERARCHICAL_DONOR_SELECTED
HQA-02433,bristol-uk-canary,45389133-b30b-5620-a1f1-132881ea6575,University of Bristol,Data Science,https://discoveruni.gov.uk/course-details/10007786/4COSC008UU-202425/Full-time/,UK,bachelor,data science,programme_identity,H3,BSc (Hons) Computer Science,programme,University of Bristol,Computer Science,BSc (Hons) Computer Science,programme,discover_uni_hesa,https://discoveruni.gov.uk/course-details/10007786/4COSC006UU-202425/Full-time/,BSc (Hons) Computer Science,5b622888-23e0-4b0c-a817-753a96eafbff,1,0.367,HIERARCHICAL_DONOR_SELECTED
HQA-02434,bristol-uk-canary,45389133-b30b-5620-a1f1-132881ea6575,University of Bristol,Data Science,https://discoveruni.gov.uk/course-details/10007786/4COSC008UU-202425/Full-time/,UK,bachelor,data science,credential,H3,BSc (Hons),programme,University of Bristol,Computer Science,BSc (Hons),programme,discover_uni_hesa,https://discoveruni.gov.uk/course-details/10007786/4COSC006UU-202425/Full-time/,BSc (Hons) Computer Science,5b622888-23e0-4b0c-a817-753a96eafbff,1,0.367,HIERARCHICAL_DONOR_SELECTED
HQA-02443,bristol-uk-canary,45389133-b30b-5620-a1f1-132881ea6575,University of Bristol,Data Science,https://discoveruni.gov.uk/course-details/10007786/4COSC008UU-202425/Full-time/,UK,bachelor,data science,career_outcomes,H3,"{""highly_skilled_work_percentage"": 80, ""information_technology_professionals_percentage"": 80, ""outcome_type"": ""occupation_distribution"", ""period"": ""15 months after the course""}",programme,University of Bristol,Computer Science,"{""highly_skilled_work_percentage"": 80, ""information_technology_professionals_percentage"": 80, ""outcome_type"": ""occupation_distribution"", ""period"": ""15 months after the course""}",programme,discover_uni_hesa,https://discoveruni.gov.uk/course-details/10007786/4COSC006UU-202425/Full-time/,80% In highly skilled work 80% Information Technology Professionals,5b622888-23e0-4b0c-a817-753a96eafbff,1,0.367,HIERARCHICAL_DONOR_SELECTED
HQA-02444,bristol-uk-canary,45389133-b30b-5620-a1f1-132881ea6575,University of Bristol,Data Science,https://discoveruni.gov.uk/course-details/10007786/4COSC008UU-202425/Full-time/,UK,bachelor,data science,employment_outcomes,H3,"{""audience"": null, ""metric"": ""occupation"", ""occupation"": ""Elementary occupations"", ""percentage"": 10, ""period"": ""15 months after the course"", ""population"": ""students graduating 2022-23""}",programme,University of Bristol,Computer Science,"{""audience"": null, ""metric"": ""occupation"", ""occupation"": ""Elementary occupations"", ""percentage"": 10, ""period"": ""15 months after the course"", ""population"": ""students graduating 2022-23""}",programme,discover_uni_hesa,https://discoveruni.gov.uk/course-details/10007786/4COSC006UU-202425/Full-time/,10% Elementary occupations,5b622888-23e0-4b0c-a817-753a96eafbff,1,0.367,HIERARCHICAL_DONOR_SELECTED
HQA-02888,onisep-fr-stage1-026,4da6f840-9e62-5e39-a2b7-ebc0aea392ef,"Institut national supérieur du professorat et de l'éducation Célestin Freinet - site de Nice, George V",master mention enseignement et éducation - professorat du second degré,https://api.opendata.onisep.fr/downloads/605344579a7d7/605344579a7d7.csv?target=0062109K-AF.144879,FR,master,other,application_url,H3,https://inspe.univ-cotedazur.fr/a-propos-de-linspe/presentation,programme,"Institut national supérieur du professorat et de l'éducation Célestin Freinet - site de Nice, George V","master mention métiers de l'enseignement, de l'éducation et de la formation - pratiques et ingénierie de la formation",https://inspe.univ-cotedazur.fr/a-propos-de-linspe/presentation,programme,onisep_higher_ed,https://api.opendata.onisep.fr/downloads/605344579a7d7/605344579a7d7.csv,Onisep AF page web: https://inspe.univ-cotedazur.fr/a-propos-de-linspe/presentation,stage1-coverage-20260916-raw-bf0ff9a929fecfe1974dcc64,1,0.2703,HIERARCHICAL_DONOR_SELECTED
HQA-03040,centrale-lille-fr-canary,51008e77-c0f0-545f-aa70-38f531ed5337,Centrale Lille Institut,Master mecanique,https://api.opendata.onisep.fr/downloads/605344579a7d7/605344579a7d7.csv?target=0597139P-AF.38086,FR,master,other,application_url,H3,https://centralelille.fr/formation/masters/fiche-master-data-science/,programme,Centrale Lille Institut,Master sciences des donnees,https://centralelille.fr/formation/masters/fiche-master-data-science/,programme,onisep_higher_ed,https://api.opendata.onisep.fr/downloads/605344579a7d7/605344579a7d7.csv,Onisep AF page web: https://centralelille.fr/formation/masters/fiche-master-data-science/,stage1-coverage-20260916-raw-bf0ff9a929fecfe1974dcc64,1,0.2703,HIERARCHICAL_DONOR_SELECTED
HQA-03117,kings-uk-canary,57418cd2-9e28-5de8-9bc6-055f88d3b8bb,King's College London,Computer Science,https://discoveruni.gov.uk/course-details/10003645/UMSH4CSCS/Full-time/,UK,bachelor,computer science,programme_identity,H3,Computer Science,programme,King's College London,Computer Science,Computer Science,programme,discover_uni_hesa,https://discoveruni.gov.uk/course-details/10003645/UBSH3CSCS/Full-time/,Computer Science at King's College London | Discover Uni Course Details,ea162dda-a91a-4dd1-9d41-0ba7caab89cc,1,0.3403,HIERARCHICAL_DONOR_SELECTED
HQA-03118,kings-uk-canary,57418cd2-9e28-5de8-9bc6-055f88d3b8bb,King's College London,Computer Science,https://discoveruni.gov.uk/course-details/10003645/UMSH4CSCS/Full-time/,UK,bachelor,computer science,credential,H3,BSc (Hons),programme,King's College London,Computer Science,BSc (Hons),programme,discover_uni_hesa,https://discoveruni.gov.uk/course-details/10003645/UBSH3CSCS/Full-time/,BSc (Hons) Computer Science,ea162dda-a91a-4dd1-9d41-0ba7caab89cc,1,0.3403,HIERARCHICAL_DONOR_SELECTED
HQA-03123,kings-uk-canary,57418cd2-9e28-5de8-9bc6-055f88d3b8bb,King's College London,Computer Science,https://discoveruni.gov.uk/course-details/10003645/UMSH4CSCS/Full-time/,UK,bachelor,computer science,duration,H3,3 year course,programme,King's College London,Computer Science,3 year course,programme,discover_uni_hesa,https://discoveruni.gov.uk/course-details/10003645/UBSH3CSCS/Full-time/,Length 3 year course,ea162dda-a91a-4dd1-9d41-0ba7caab89cc,1,0.3403,HIERARCHICAL_DONOR_SELECTED
HQA-03124,kings-uk-canary,57418cd2-9e28-5de8-9bc6-055f88d3b8bb,King's College London,Computer Science,https://discoveruni.gov.uk/course-details/10003645/UMSH4CSCS/Full-time/,UK,bachelor,computer science,location,H3,Central London,programme,King's College London,Computer Science,Central London,programme,discover_uni_hesa,https://discoveruni.gov.uk/course-details/10003645/UBSH3CSCS/Full-time/,Location : Central London,ea162dda-a91a-4dd1-9d41-0ba7caab89cc,1,0.3403,HIERARCHICAL_DONOR_SELECTED
HQA-03125,kings-uk-canary,57418cd2-9e28-5de8-9bc6-055f88d3b8bb,King's College London,Computer Science,https://discoveruni.gov.uk/course-details/10003645/UMSH4CSCS/Full-time/,UK,bachelor,computer science,delivery_mode,H3,Full time,programme,King's College London,Computer Science,Full time,programme,discover_uni_hesa,https://discoveruni.gov.uk/course-details/10003645/UBSH3CSCS/Full-time/,Study mode Full time,ea162dda-a91a-4dd1-9d41-0ba7caab89cc,1,0.3403,HIERARCHICAL_DONOR_SELECTED
HQA-03127,kings-uk-canary,57418cd2-9e28-5de8-9bc6-055f88d3b8bb,King's College London,Computer Science,https://discoveruni.gov.uk/course-details/10003645/UMSH4CSCS/Full-time/,UK,bachelor,computer science,career_outcomes,H3,"{""occupation"": ""Information Technology Professionals"", ""percentage"": 85, ""period"": ""15 months after the course""}",programme,King's College London,Computer Science,"{""occupation"": ""Information Technology Professionals"", ""percentage"": 85, ""period"": ""15 months after the course""}",programme,discover_uni_hesa,https://discoveruni.gov.uk/course-details/10003645/UBSH3CSCS/Full-time/,85% Information Technology Professionals,ea162dda-a91a-4dd1-9d41-0ba7caab89cc,1,0.3403,HIERARCHICAL_DONOR_SELECTED
HQA-03128,kings-uk-canary,57418cd2-9e28-5de8-9bc6-055f88d3b8bb,King's College London,Computer Science,https://discoveruni.gov.uk/course-details/10003645/UMSH4CSCS/Full-time/,UK,bachelor,computer science,employment_outcomes,H3,"{""audience"": null, ""metric"": ""in_other_work"", ""percentage"": 0, ""period"": ""15 months after the course"", ""population"": ""students graduating 2022-23""}",programme,King's College London,Computer Science,"{""audience"": null, ""metric"": ""in_other_work"", ""percentage"": 0, ""period"": ""15 months after the course"", ""population"": ""students graduating 2022-23""}",programme,discover_uni_hesa,https://discoveruni.gov.uk/course-details/10003645/UBSH3CSCS/Full-time/,0% In other work,ea162dda-a91a-4dd1-9d41-0ba7caab89cc,1,0.3403,HIERARCHICAL_DONOR_SELECTED
HQA-03887,discover-uk-stage1-013,68e2924c-c07f-5ac2-8ea9-6bb6e0d21351,Bishop Burton College,Animal Behaviour & Wildlife Conservation,https://discoveruni.gov.uk/en/course-details/10000721/BScABWC/Full-time/,UK,bachelor,other,career_outcomes,H3,GBP 19000,programme,Bishop Burton College,Applied Animal Behaviour and Training,GBP 19000,programme,discover_uni_hesa,https://discoveruni.gov.uk/course-details/10000721/BScAABT/Full-time/,"After 5 years £19,000 Typical range: £15,500 - £23,000 Data from 25 people. Data for students graduating 2015-17 Source: Longitudinal Education Outcomes (LEO) dataset",0489e3e6-c9ce-404e-8909-6738b903b89a,1,0.3403,HIERARCHICAL_DONOR_SELECTED
HQA-03953,discover-uk-stage1-023,6a7210f2-06be-539a-8480-cf8386a4f915,London South East Colleges,Early Years Professional Leadership,https://discoveruni.gov.uk/en/course-details/10000948/HNDEYPL/Full-time/,UK,bachelor,other,programme_identity,H3,HND Computing: Cyber Security,programme,London South East Colleges,Computing: Cyber Security,HND Computing: Cyber Security,programme,discover_uni_hesa,https://discoveruni.gov.uk/course-details/10000948/HNDCMCS/Full-time/,HND Computing: Cyber Security,a583199d-9e4f-4578-968d-3a019968c57b,1,0.367,HIERARCHICAL_DONOR_SELECTED
HQA-03954,discover-uk-stage1-023,6a7210f2-06be-539a-8480-cf8386a4f915,London South East Colleges,Early Years Professional Leadership,https://discoveruni.gov.uk/en/course-details/10000948/HNDEYPL/Full-time/,UK,bachelor,other,credential,H3,HND,programme,London South East Colleges,Computing: Cyber Security,HND,programme,discover_uni_hesa,https://discoveruni.gov.uk/course-details/10000948/HNDCMCS/Full-time/,HND Computing: Cyber Security,a583199d-9e4f-4578-968d-3a019968c57b,1,0.367,HIERARCHICAL_DONOR_SELECTED
HQA-03969,discover-uk-stage1-023,6a7210f2-06be-539a-8480-cf8386a4f915,London South East Colleges,Early Years Professional Leadership,https://discoveruni.gov.uk/en/course-details/10000948/HNDEYPL/Full-time/,UK,bachelor,other,subject_prerequisites,H3,including English and Maths or equivalent qualification,programme,London South East Colleges,Computing: Cyber Security,including English and Maths or equivalent qualification,programme,official_university_page,https://www.lsec.ac.uk/courses/higher-education/computing-and-it/btec-hnd-in-computing-cyber-security-htq,"aureate qualification. Applicants with BTEC ND/NC or degrees in other areas will be considered. 5 GCSEs-grades A*-C/9-4 including English and Maths or equivalent qualification. We will accept T Levels for entry onto our higher education courses, providing they meet our entry requirements. Additional Entry Requirements Applications from students with specific vocational, professional and other qualifications are judged on merit acco",stage1-coverage-20260916-raw-8f022afd82040387c5fd3b1c,1,0.297,HIERARCHICAL_DONOR_SELECTED
HQA-04354,discover-uk-stage1-021,770878eb-c3e4-583c-aeb7-0113b97486cf,University of Brighton,Pharmacy,https://discoveruni.gov.uk/en/course-details/10000886/APCB001MUU/Full-time/,UK,bachelor,other,ielts_subscores,H3,"{""minimum_each"": 5.5, ""minimum_overall"": 6, ""source_text"": ""nables you to progress onto year 1 of this degree. English language requirements If English is not your first language, IELTS 6.0 overall with a minimum of 5.5 in each element. Find out about the other English qualifications that we accept . Studied before or got relevant experience? If you have suitable qualifications, credits from a previous university course or relevant professional experience, these could count towards your course at Brighton and you could start the course in year 2 or 3. Transferring from another university Thinking about""}",programme,University of Brighton,Business Management with Entrepreneurship,"{""minimum_each"": 5.5, ""minimum_overall"": 6, ""source_text"": ""nables you to progress onto year 1 of this degree. English language requirements If English is not your first language, IELTS 6.0 overall with a minimum of 5.5 in each element. Find out about the other English qualifications that we accept . Studied before or got relevant experience? If you have suitable qualifications, credits from a previous university course or relevant professional experience, these could count towards your course at Brighton and you could start the course in year 2 or 3. Transferring from another university Thinking about""}",programme,official_university_page,https://www.brighton.ac.uk/courses/study/business-management-with-entrepreneurship-bsc-hons.aspx,"nables you to progress onto year 1 of this degree. English language requirements If English is not your first language, IELTS 6.0 overall with a minimum of 5.5 in each element. Find out about the other English qualifications that we accept . Studied before or got relevant experience? If you have suitable qualifications, credits from a previous university course or relevant professional experience, these could count towards your course at Brighton and you could start the course in year 2 or 3. Transferring from another university Thinking about",stage1-coverage-20260916-raw-72b248a810b38ef4545b4a55,1,0.297,HIERARCHICAL_DONOR_SELECTED
HQA-04869,haaga-helia-fi-canary,8606b6c5-bf41-54d1-87f7-95596c5d82cc,Haaga-Helia University of Applied Sciences,Business Information Technology,https://opintopolku.fi/konfo-backend/hakukohde/1.2.246.562.20.00000000000000091904,FI,bachelor,computer science,tuition,H3,EUR 12000 / annual (international),programme,Haaga-Helia University of Applied Sciences,International Business,EUR 12000 / annual (international),programme,studyinfo_valintaperuste,https://opintopolku.fi/konfo-backend/valintaperuste/88fc8a7e-9804-478d-bf45-18af037bf8e7,"it points (ECTS)</li><li value=""3"">Language: English</li><li value=""4"">Study method: Virtual teaching</li><li value=""5"">Tuition fee: <strong>for non EU, EEA or Switzerland citizens</strong> 12,000 EUR per academic year</li><li value=""6"">Intake: 20 (4 with GMAT or GRE test and 16 with entrance examination)</li><li value=""7"">Place: Virtual</li></ul><p></p><p><strong>Admission in short</strong></p><p></p><p>Joint application period to Haaga-Helia UAS from 31 August to 10 September 2026:</p><ol><li value=""1"">Submit online application by 10 September 2026 at 15.00 Finnish time",stage1-coverage-20260916-raw-ae33ef1355037be951d7ab89,1,0.297,HIERARCHICAL_DONOR_SELECTED
HQA-04874,haaga-helia-fi-canary,8606b6c5-bf41-54d1-87f7-95596c5d82cc,Haaga-Helia University of Applied Sciences,Business Information Technology,https://opintopolku.fi/konfo-backend/hakukohde/1.2.246.562.20.00000000000000091904,FI,bachelor,computer science,programme_language,H3,English,programme,Haaga-Helia University of Applied Sciences,International Business,English,programme,studyinfo_valintaperuste,https://opintopolku.fi/konfo-backend/valintaperuste/88fc8a7e-9804-478d-bf45-18af037bf8e7,"Master of Business Administration, in Finnish Tradenomi (ylempi AMK) Extent: 90 credit points (ECTS)</li><li value=""3"">Language: English</li><li value=""4"">Study method: Virtual teaching</li><li value=""5"">Tuition fee: <strong>for non EU, EEA or Switzerland citizens</strong> 12,000 EUR per academic year</li><li value=""6"">Intake: 20 (4 with GMAT or GRE test and 16 with entrance e",stage1-coverage-20260916-raw-ae33ef1355037be951d7ab89,1,0.297,HIERARCHICAL_DONOR_SELECTED
HQA-05062,discover-uk-stage1-004,8eb42e1e-62a2-5044-987d-01719cd7d204,Anglia Ruskin University,Law,https://discoveruni.gov.uk/en/course-details/10000291/K00001/Full-time/,UK,bachelor,other,location,H3,ARU Cambridge Campus,programme,Anglia Ruskin University,Fine Art,ARU Cambridge Campus,programme,discover_uni_hesa,https://discoveruni.gov.uk/course-details/10000291/K00004/Full-time/,Location : ARU Cambridge Campus,111cf2bd-2930-48e7-ad16-f4b540cdda71,1,0.3403,HIERARCHICAL_DONOR_SELECTED
HQA-05170,discover-uk-stage1-008,95d3bbf1-7e5d-5412-96b3-c6022bd8b35a,Barking and Dagenham College,Computing For England (General) (Barking and Dagenham),https://discoveruni.gov.uk/en/course-details/10000528/K0677/Full-time/,UK,bachelor,computer science,credential,H3,HND,programme,Barking and Dagenham College,Computing for England (Cyber Security) (Barking and Dagenham),HND,programme,discover_uni_hesa,https://discoveruni.gov.uk/course-details/10000528/K0678/Full-time/,Back HND Computing for England (Cyber Security) (Barking and Dagenham),5ed331fa-f2d1-46ee-b95e-8a3dfa0b6502,1,0.3403,HIERARCHICAL_DONOR_SELECTED
HQA-05207,onisep-fr-stage1-029,96c509ad-7afb-5c33-a47f-b49db274ca43,École universitaire de recherche arts et humanités - Campus Georges Méliès,licence mention sciences et humanités,https://api.opendata.onisep.fr/downloads/605344579a7d7/605344579a7d7.csv?target=0062226M-AF.100098,FR,bachelor,other,programme_identity,H3,licence mention humanités,programme,École universitaire de recherche arts et humanités - Campus Georges Méliès,licence mention humanités,licence mention humanités,programme,onisep_higher_ed,https://api.opendata.onisep.fr/downloads/605344579a7d7/605344579a7d7.csv,Formation label: licence mention humanités [source column Formation (FOR) libellé],f845f53e-c861-4177-ab51-1eb96509023c,1,0.3403,HIERARCHICAL_DONOR_SELECTED
HQA-05208,onisep-fr-stage1-029,96c509ad-7afb-5c33-a47f-b49db274ca43,École universitaire de recherche arts et humanités - Campus Georges Méliès,licence mention sciences et humanités,https://api.opendata.onisep.fr/downloads/605344579a7d7/605344579a7d7.csv?target=0062226M-AF.100098,FR,bachelor,other,credential,H3,licence,programme,École universitaire de recherche arts et humanités - Campus Georges Méliès,licence mention humanités,licence,programme,onisep_higher_ed,https://api.opendata.onisep.fr/downloads/605344579a7d7/605344579a7d7.csv,Qualification type: licence [source column FOR type],f845f53e-c861-4177-ab51-1eb96509023c,1,0.3403,HIERARCHICAL_DONOR_SELECTED
HQA-05213,onisep-fr-stage1-029,96c509ad-7afb-5c33-a47f-b49db274ca43,École universitaire de recherche arts et humanités - Campus Georges Méliès,licence mention sciences et humanités,https://api.opendata.onisep.fr/downloads/605344579a7d7/605344579a7d7.csv?target=0062226M-AF.100098,FR,bachelor,other,duration,H3,1 an,programme,École universitaire de recherche arts et humanités - Campus Georges Méliès,licence mention humanités,1 an,programme,onisep_higher_ed,https://api.opendata.onisep.fr/downloads/605344579a7d7/605344579a7d7.csv,Standard cycle duration: 1 an [source column AF durée cycle standard],f845f53e-c861-4177-ab51-1eb96509023c,1,0.3403,HIERARCHICAL_DONOR_SELECTED
HQA-05214,onisep-fr-stage1-029,96c509ad-7afb-5c33-a47f-b49db274ca43,École universitaire de recherche arts et humanités - Campus Georges Méliès,licence mention sciences et humanités,https://api.opendata.onisep.fr/downloads/605344579a7d7/605344579a7d7.csv?target=0062226M-AF.100098,FR,bachelor,other,location,H3,Cannes,programme,École universitaire de recherche arts et humanités - Campus Georges Méliès,licence mention humanités,Cannes,programme,onisep_higher_ed,https://api.opendata.onisep.fr/downloads/605344579a7d7/605344579a7d7.csv,Teaching location: Cannes [source column ENS commune],f845f53e-c861-4177-ab51-1eb96509023c,1,0.3403,HIERARCHICAL_DONOR_SELECTED
HQA-05215,onisep-fr-stage1-029,96c509ad-7afb-5c33-a47f-b49db274ca43,École universitaire de recherche arts et humanités - Campus Georges Méliès,licence mention sciences et humanités,https://api.opendata.onisep.fr/downloads/605344579a7d7/605344579a7d7.csv?target=0062226M-AF.100098,FR,bachelor,other,delivery_mode,H3,"temps plein, cours en présentiel",programme,École universitaire de recherche arts et humanités - Campus Georges Méliès,licence mention humanités,"temps plein, cours en présentiel",programme,onisep_higher_ed,https://api.opendata.onisep.fr/downloads/605344579a7d7/605344579a7d7.csv,"Study modality: temps plein, cours en présentiel [source column AF modalités scolarité]",f845f53e-c861-4177-ab51-1eb96509023c,1,0.3403,HIERARCHICAL_DONOR_SELECTED
HQA-05511,edinburgh-uk-canary,9e56967c-c215-5e0b-ba38-018d61a6a991,The University of Edinburgh,Computer Science,https://discoveruni.gov.uk/course-details/10007790/UTCMPSIBSCH/Full-time/,UK,bachelor,computer science,programme_identity,H3,Computer Science,programme,The University of Edinburgh,Computer Science,Computer Science,programme,discover_uni_hesa,https://discoveruni.gov.uk/course-details/10007790/UTCMPSIBENGH/Full-time/,Computer Science at University of Edinburgh | Discover Uni Course Details,70f4f8ad-d1ff-45f5-88f0-02dc7ddc0d3f,1,0.3403,HIERARCHICAL_DONOR_SELECTED
HQA-05512,edinburgh-uk-canary,9e56967c-c215-5e0b-ba38-018d61a6a991,The University of Edinburgh,Computer Science,https://discoveruni.gov.uk/course-details/10007790/UTCMPSIBSCH/Full-time/,UK,bachelor,computer science,credential,H3,BEng (Hons),programme,The University of Edinburgh,Computer Science,BEng (Hons),programme,discover_uni_hesa,https://discoveruni.gov.uk/course-details/10007790/UTCMPSIBENGH/Full-time/,BEng (Hons) Computer Science,70f4f8ad-d1ff-45f5-88f0-02dc7ddc0d3f,1,0.3403,HIERARCHICAL_DONOR_SELECTED
HQA-05517,edinburgh-uk-canary,9e56967c-c215-5e0b-ba38-018d61a6a991,The University of Edinburgh,Computer Science,https://discoveruni.gov.uk/course-details/10007790/UTCMPSIBSCH/Full-time/,UK,bachelor,computer science,duration,H3,4 year course,programme,The University of Edinburgh,Computer Science,4 year course,programme,discover_uni_hesa,https://discoveruni.gov.uk/course-details/10007790/UTCMPSIBENGH/Full-time/,Length 4 year course,70f4f8ad-d1ff-45f5-88f0-02dc7ddc0d3f,1,0.3403,HIERARCHICAL_DONOR_SELECTED
HQA-05518,edinburgh-uk-canary,9e56967c-c215-5e0b-ba38-018d61a6a991,The University of Edinburgh,Computer Science,https://discoveruni.gov.uk/course-details/10007790/UTCMPSIBSCH/Full-time/,UK,bachelor,computer science,location,H3,Central,programme,The University of Edinburgh,Computer Science,Central,programme,discover_uni_hesa,https://discoveruni.gov.uk/course-details/10007790/UTCMPSIBENGH/Full-time/,Location : Central,70f4f8ad-d1ff-45f5-88f0-02dc7ddc0d3f,1,0.3403,HIERARCHICAL_DONOR_SELECTED
HQA-05519,edinburgh-uk-canary,9e56967c-c215-5e0b-ba38-018d61a6a991,The University of Edinburgh,Computer Science,https://discoveruni.gov.uk/course-details/10007790/UTCMPSIBSCH/Full-time/,UK,bachelor,computer science,delivery_mode,H3,Full time,programme,The University of Edinburgh,Computer Science,Full time,programme,discover_uni_hesa,https://discoveruni.gov.uk/course-details/10007790/UTCMPSIBENGH/Full-time/,Study mode Full time,70f4f8ad-d1ff-45f5-88f0-02dc7ddc0d3f,1,0.3403,HIERARCHICAL_DONOR_SELECTED
HQA-05521,edinburgh-uk-canary,9e56967c-c215-5e0b-ba38-018d61a6a991,The University of Edinburgh,Computer Science,https://discoveruni.gov.uk/course-details/10007790/UTCMPSIBSCH/Full-time/,UK,bachelor,computer science,career_outcomes,H3,"{""metric"": ""graduate_perception"", ""percentage"": 90, ""period"": ""15 months after the course"", ""population"": ""Computer science graduates at University of Edinburgh"", ""statement"": ""My current work is meaningful.""}",programme,The University of Edinburgh,Computer Science,"{""metric"": ""graduate_perception"", ""percentage"": 90, ""period"": ""15 months after the course"", ""population"": ""Computer science graduates at University of Edinburgh"", ""statement"": ""My current work is meaningful.""}",programme,discover_uni_hesa,https://discoveruni.gov.uk/course-details/10007790/UTCMPSIBENGH/Full-time/,90% Meaningfulness My current work is meaningful.,70f4f8ad-d1ff-45f5-88f0-02dc7ddc0d3f,1,0.3403,HIERARCHICAL_DONOR_SELECTED
HQA-06423,imperial-uk-canary,c5b5eba6-707a-51a9-b64a-9385389c6bd7,Imperial College London,Mathematics and Computer Science,https://discoveruni.gov.uk/course-details/10003270/GG41/Full-time/,UK,bachelor,computer science,programme_identity,H3,Mathematics and Computer Science,programme,Imperial College London,Mathematics and Computer Science,Mathematics and Computer Science,programme,discover_uni_hesa,https://discoveruni.gov.uk/course-details/10003270/GG14/Full-time/,Mathematics and Computer Science at Imperial College London | Discover Uni Course Details,6c98f57c-2047-49c6-a230-ff71a4282b68,1,0.3403,HIERARCHICAL_DONOR_SELECTED
HQA-06424,imperial-uk-canary,c5b5eba6-707a-51a9-b64a-9385389c6bd7,Imperial College London,Mathematics and Computer Science,https://discoveruni.gov.uk/course-details/10003270/GG41/Full-time/,UK,bachelor,computer science,credential,H3,BEng (Hons),programme,Imperial College London,Mathematics and Computer Science,BEng (Hons),programme,discover_uni_hesa,https://discoveruni.gov.uk/course-details/10003270/GG14/Full-time/,BEng (Hons) Mathematics and Computer Science Imperial College London,6c98f57c-2047-49c6-a230-ff71a4282b68,1,0.3403,HIERARCHICAL_DONOR_SELECTED
HQA-06429,imperial-uk-canary,c5b5eba6-707a-51a9-b64a-9385389c6bd7,Imperial College London,Mathematics and Computer Science,https://discoveruni.gov.uk/course-details/10003270/GG41/Full-time/,UK,bachelor,computer science,duration,H3,3 year course,programme,Imperial College London,Mathematics and Computer Science,3 year course,programme,discover_uni_hesa,https://discoveruni.gov.uk/course-details/10003270/GG14/Full-time/,Length 3 year course,6c98f57c-2047-49c6-a230-ff71a4282b68,1,0.3403,HIERARCHICAL_DONOR_SELECTED
HQA-06430,imperial-uk-canary,c5b5eba6-707a-51a9-b64a-9385389c6bd7,Imperial College London,Mathematics and Computer Science,https://discoveruni.gov.uk/course-details/10003270/GG41/Full-time/,UK,bachelor,computer science,location,H3,South Kensington,programme,Imperial College London,Mathematics and Computer Science,South Kensington,programme,discover_uni_hesa,https://discoveruni.gov.uk/course-details/10003270/GG14/Full-time/,Location : South Kensington,6c98f57c-2047-49c6-a230-ff71a4282b68,1,0.3403,HIERARCHICAL_DONOR_SELECTED
HQA-06431,imperial-uk-canary,c5b5eba6-707a-51a9-b64a-9385389c6bd7,Imperial College London,Mathematics and Computer Science,https://discoveruni.gov.uk/course-details/10003270/GG41/Full-time/,UK,bachelor,computer science,delivery_mode,H3,Full time,programme,Imperial College London,Mathematics and Computer Science,Full time,programme,discover_uni_hesa,https://discoveruni.gov.uk/course-details/10003270/GG14/Full-time/,Study mode Full time,6c98f57c-2047-49c6-a230-ff71a4282b68,1,0.3403,HIERARCHICAL_DONOR_SELECTED
HQA-06887,duo-nl-stage1-011,cf4a134b-b914-5181-aa12-a43cc0596f74,Stichting Aeres Groep,Bachelor Agricultural Entrepreneurship Animal Husbandry,https://onderwijsdata.duo.nl/api/3/action/datastore_search?resource_id=ffffa7ad-e6a2-4ba7-9fc2-a09df4128555&limit=1&filters=%7B%22ONDERWIJSBESTUURID%22%3A%22100B561%22%2C%22OPLEIDINGSEENHEIDCODE%22%3A%221016O6899%22%7D&target=duo-nl-stage1-011-1016O6899,NL,bachelor,other,delivery_mode,H3,full-time,programme,Stichting Aeres Groep,Applied Biology,full-time,programme,duo_rio,https://onderwijsdata.duo.nl/api/3/action/datastore_search?resource_id=ffffa7ad-e6a2-4ba7-9fc2-a09df4128555&limit=1&filters=%7B%22ONDERWIJSBESTUURID%22%3A%22100B561%22%2C%22OPLEIDINGSEENHEIDCODE%22%3A%221001O2646%22%7D,DUO RIO VORM=VOLTIJD,stage1-coverage-20260916-raw-6de9099c7889071aa1fe8041,1,0.2703,HIERARCHICAL_DONOR_SELECTED
HQA-06888,duo-nl-stage1-011,cf4a134b-b914-5181-aa12-a43cc0596f74,Stichting Aeres Groep,Bachelor Agricultural Entrepreneurship Animal Husbandry,https://onderwijsdata.duo.nl/api/3/action/datastore_search?resource_id=ffffa7ad-e6a2-4ba7-9fc2-a09df4128555&limit=1&filters=%7B%22ONDERWIJSBESTUURID%22%3A%22100B561%22%2C%22OPLEIDINGSEENHEIDCODE%22%3A%221016O6899%22%7D&target=duo-nl-stage1-011-1016O6899,NL,bachelor,other,programme_language,H3,Dutch,programme,Stichting Aeres Groep,Applied Biology,Dutch,programme,duo_rio,https://onderwijsdata.duo.nl/api/3/action/datastore_search?resource_id=ffffa7ad-e6a2-4ba7-9fc2-a09df4128555&limit=1&filters=%7B%22ONDERWIJSBESTUURID%22%3A%22100B561%22%2C%22OPLEIDINGSEENHEIDCODE%22%3A%221001O2646%22%7D,DUO RIO VOERTAAL=NLD,stage1-coverage-20260916-raw-6de9099c7889071aa1fe8041,1,0.2703,HIERARCHICAL_DONOR_SELECTED
HQA-06898,duo-nl-stage1-011,cf4a134b-b914-5181-aa12-a43cc0596f74,Stichting Aeres Groep,Bachelor Agricultural Entrepreneurship Animal Husbandry,https://onderwijsdata.duo.nl/api/3/action/datastore_search?resource_id=ffffa7ad-e6a2-4ba7-9fc2-a09df4128555&limit=1&filters=%7B%22ONDERWIJSBESTUURID%22%3A%22100B561%22%2C%22OPLEIDINGSEENHEIDCODE%22%3A%221016O6899%22%7D&target=duo-nl-stage1-011-1016O6899,NL,bachelor,other,work_experience,H3,"{""details"": ""DUO RIO reports GEEN_EISEN for EISEN_WERKZAAMHEDEN."", ""requirement_status"": ""not_required""}",programme,Stichting Aeres Groep,Applied Biology,"{""details"": ""DUO RIO reports GEEN_EISEN for EISEN_WERKZAAMHEDEN."", ""requirement_status"": ""not_required""}",programme,duo_rio,https://onderwijsdata.duo.nl/api/3/action/datastore_search?resource_id=ffffa7ad-e6a2-4ba7-9fc2-a09df4128555&limit=1&filters=%7B%22ONDERWIJSBESTUURID%22%3A%22100B561%22%2C%22OPLEIDINGSEENHEIDCODE%22%3A%221001O2646%22%7D,DUO RIO EISEN_WERKZAAMHEDEN=GEEN_EISEN,stage1-coverage-20260916-raw-6de9099c7889071aa1fe8041,1,0.2703,HIERARCHICAL_DONOR_SELECTED
HQA-07001,tu-delft-nl-canary,d09b3b83-7fe8-5626-bb42-6dd7661c0972,Delft University of Technology,Computer Science,https://onderwijsdata.duo.nl/api/3/action/datastore_search?filters=%7B%22ONDERWIJSBESTUURID%22%3A%22107B605%22%2C%22OPLEIDINGSEENHEIDCODE%22%3A%221001O6612%22%7D&limit=1&resource_id=ffffa7ad-e6a2-4ba7-9fc2-a09df4128555&target=tu-delft-nl-canary-1001O6612,NL,master,computer science,delivery_mode,H3,VOLTIJD,programme,Delft University of Technology,Data Science and Artificial Intelligence Technology,VOLTIJD,programme,duo_rio_ho,https://onderwijsdata.duo.nl/api/3/action/datastore_search?filters=%7B%22ONDERWIJSBESTUURID%22%3A%22107B605%22%2C%22OPLEIDINGSEENHEIDCODE%22%3A%221001O8897%22%7D&limit=1&resource_id=ffffa7ad-e6a2-4ba7-9fc2-a09df4128555,RIO delivery mode: VOLTIJD [source column VORM],d2fef8ad-137d-474a-aef1-054246035367,1,0.3403,HIERARCHICAL_DONOR_SELECTED
HQA-07002,tu-delft-nl-canary,d09b3b83-7fe8-5626-bb42-6dd7661c0972,Delft University of Technology,Computer Science,https://onderwijsdata.duo.nl/api/3/action/datastore_search?filters=%7B%22ONDERWIJSBESTUURID%22%3A%22107B605%22%2C%22OPLEIDINGSEENHEIDCODE%22%3A%221001O6612%22%7D&limit=1&resource_id=ffffa7ad-e6a2-4ba7-9fc2-a09df4128555&target=tu-delft-nl-canary-1001O6612,NL,master,computer science,programme_language,H3,NLD,programme,Delft University of Technology,Data Science and Artificial Intelligence Technology,NLD,programme,duo_rio_ho,https://onderwijsdata.duo.nl/api/3/action/datastore_search?filters=%7B%22ONDERWIJSBESTUURID%22%3A%22107B605%22%2C%22OPLEIDINGSEENHEIDCODE%22%3A%221001O8897%22%7D&limit=1&resource_id=ffffa7ad-e6a2-4ba7-9fc2-a09df4128555,RIO programme language: NLD [source column VOERTAAL],d2fef8ad-137d-474a-aef1-054246035367,1,0.3403,HIERARCHICAL_DONOR_SELECTED
HQA-07012,tu-delft-nl-canary,d09b3b83-7fe8-5626-bb42-6dd7661c0972,Delft University of Technology,Computer Science,https://onderwijsdata.duo.nl/api/3/action/datastore_search?filters=%7B%22ONDERWIJSBESTUURID%22%3A%22107B605%22%2C%22OPLEIDINGSEENHEIDCODE%22%3A%221001O6612%22%7D&limit=1&resource_id=ffffa7ad-e6a2-4ba7-9fc2-a09df4128555&target=tu-delft-nl-canary-1001O6612,NL,master,computer science,work_experience,H3,"{""details"": ""DUO RIO reports GEEN_EISEN for EISEN_WERKZAAMHEDEN."", ""requirement_status"": ""not_required""}",programme,Delft University of Technology,Data Science and Artificial Intelligence Technology,"{""details"": ""DUO RIO reports GEEN_EISEN for EISEN_WERKZAAMHEDEN."", ""requirement_status"": ""not_required""}",programme,duo_rio,https://onderwijsdata.duo.nl/api/3/action/datastore_search?filters=%7B%22ONDERWIJSBESTUURID%22%3A%22107B605%22%2C%22OPLEIDINGSEENHEIDCODE%22%3A%221001O8897%22%7D&limit=1&resource_id=ffffa7ad-e6a2-4ba7-9fc2-a09df4128555,DUO RIO EISEN_WERKZAAMHEDEN=GEEN_EISEN,stage1-coverage-20260916-raw-c5b8e8da898fb246274bd4f5,1,0.2703,HIERARCHICAL_DONOR_SELECTED
HQA-07031,discover-uk-stage1-020,d0d192c5-ff75-5fdf-8c6c-80e0cc2608c6,University Centre Somerset College Group,"Makeup Artistry, Prosthetic FX and Wig Making",https://discoveruni.gov.uk/en/course-details/10000878/00245991-ba-media-make-FT/Full-time/,UK,bachelor,other,programme_identity,H3,"Makeup Artistry, Prosthetic FX and Wig Making",programme,University Centre Somerset College Group,"Makeup Artistry, Prosthetic FX and Wig Making","Makeup Artistry, Prosthetic FX and Wig Making",programme,discover_uni_hesa,https://discoveruni.gov.uk/course-details/10000878/00245990-fdeg-media-make-FT/Full-time/,"Makeup Artistry, Prosthetic FX and Wig Making at University Centre Somerset College Group",c720b903-f750-4697-9849-a9d79323e125,1,0.3403,HIERARCHICAL_DONOR_SELECTED
HQA-07032,discover-uk-stage1-020,d0d192c5-ff75-5fdf-8c6c-80e0cc2608c6,University Centre Somerset College Group,"Makeup Artistry, Prosthetic FX and Wig Making",https://discoveruni.gov.uk/en/course-details/10000878/00245991-ba-media-make-FT/Full-time/,UK,bachelor,other,credential,H3,FDA,programme,University Centre Somerset College Group,"Makeup Artistry, Prosthetic FX and Wig Making",FDA,programme,discover_uni_hesa,https://discoveruni.gov.uk/course-details/10000878/00245990-fdeg-media-make-FT/Full-time/,"Back FDA Makeup Artistry, Prosthetic FX and Wig Making",c720b903-f750-4697-9849-a9d79323e125,1,0.3403,HIERARCHICAL_DONOR_SELECTED
HQA-07037,discover-uk-stage1-020,d0d192c5-ff75-5fdf-8c6c-80e0cc2608c6,University Centre Somerset College Group,"Makeup Artistry, Prosthetic FX and Wig Making",https://discoveruni.gov.uk/en/course-details/10000878/00245991-ba-media-make-FT/Full-time/,UK,bachelor,other,duration,H3,2 year course,programme,University Centre Somerset College Group,"Makeup Artistry, Prosthetic FX and Wig Making",2 year course,programme,discover_uni_hesa,https://discoveruni.gov.uk/course-details/10000878/00245990-fdeg-media-make-FT/Full-time/,Length 2 year course,c720b903-f750-4697-9849-a9d79323e125,1,0.3403,HIERARCHICAL_DONOR_SELECTED
HQA-07038,discover-uk-stage1-020,d0d192c5-ff75-5fdf-8c6c-80e0cc2608c6,University Centre Somerset College Group,"Makeup Artistry, Prosthetic FX and Wig Making",https://discoveruni.gov.uk/en/course-details/10000878/00245991-ba-media-make-FT/Full-time/,UK,bachelor,other,location,H3,Taunton College,programme,University Centre Somerset College Group,"Makeup Artistry, Prosthetic FX and Wig Making",Taunton College,programme,discover_uni_hesa,https://discoveruni.gov.uk/course-details/10000878/00245990-fdeg-media-make-FT/Full-time/,Location : Taunton College,c720b903-f750-4697-9849-a9d79323e125,1,0.3403,HIERARCHICAL_DONOR_SELECTED
HQA-07039,discover-uk-stage1-020,d0d192c5-ff75-5fdf-8c6c-80e0cc2608c6,University Centre Somerset College Group,"Makeup Artistry, Prosthetic FX and Wig Making",https://discoveruni.gov.uk/en/course-details/10000878/00245991-ba-media-make-FT/Full-time/,UK,bachelor,other,delivery_mode,H3,Full time,programme,University Centre Somerset College Group,"Makeup Artistry, Prosthetic FX and Wig Making",Full time,programme,discover_uni_hesa,https://discoveruni.gov.uk/course-details/10000878/00245990-fdeg-media-make-FT/Full-time/,Study mode Full time,c720b903-f750-4697-9849-a9d79323e125,1,0.3403,HIERARCHICAL_DONOR_SELECTED
HQA-07114,discover-uk-stage1-025,d115e175-3bb5-5c4f-8d2d-169038e9cdc2,Buckinghamshire New University,Animation (Online),https://discoveruni.gov.uk/en/course-details/10000975/KBAANIMDFCMSD/Full-time/,UK,bachelor,other,location,H3,High Wycombe Campus,programme,Buckinghamshire New University,Acting for Stage and Screen,High Wycombe Campus,programme,discover_uni_hesa,https://discoveruni.gov.uk/course-details/10000975/KBAACSSFTACT1/Full-time/,Location : High Wycombe Campus,b3772c5b-b34f-433d-8fea-27a776135fe2,1,0.3403,HIERARCHICAL_DONOR_SELECTED
HQA-07145,discover-uk-stage1-003,d16a8da1-2e7e-5f82-ad51-2ad5d35a46b2,All Nations Christian College,Biblical and Intercultural Studies,https://discoveruni.gov.uk/en/course-details/10000216/532986/Full-time/,UK,bachelor,other,programme_identity,H3,Biblical and Intercultural Studies,programme,All Nations Christian College,Biblical and Intercultural Studies,Biblical and Intercultural Studies,programme,discover_uni_hesa,https://discoveruni.gov.uk/course-details/10000216/177650/Full-time/,Biblical and Intercultural Studies at All Nations Christian College,96f2a38e-3898-48a6-9d98-af21df250a8f,1,0.3403,HIERARCHICAL_DONOR_SELECTED
HQA-07146,discover-uk-stage1-003,d16a8da1-2e7e-5f82-ad51-2ad5d35a46b2,All Nations Christian College,Biblical and Intercultural Studies,https://discoveruni.gov.uk/en/course-details/10000216/532986/Full-time/,UK,bachelor,other,credential,H3,DipHE,programme,All Nations Christian College,Biblical and Intercultural Studies,DipHE,programme,discover_uni_hesa,https://discoveruni.gov.uk/course-details/10000216/177650/Full-time/,DipHE Biblical and Intercultural Studies,96f2a38e-3898-48a6-9d98-af21df250a8f,1,0.3403,HIERARCHICAL_DONOR_SELECTED
HQA-07151,discover-uk-stage1-003,d16a8da1-2e7e-5f82-ad51-2ad5d35a46b2,All Nations Christian College,Biblical and Intercultural Studies,https://discoveruni.gov.uk/en/course-details/10000216/532986/Full-time/,UK,bachelor,other,duration,H3,2 year course,programme,All Nations Christian College,Biblical and Intercultural Studies,2 year course,programme,discover_uni_hesa,https://discoveruni.gov.uk/course-details/10000216/177650/Full-time/,Length 2 year course,96f2a38e-3898-48a6-9d98-af21df250a8f,1,0.3403,HIERARCHICAL_DONOR_SELECTED
HQA-07152,discover-uk-stage1-003,d16a8da1-2e7e-5f82-ad51-2ad5d35a46b2,All Nations Christian College,Biblical and Intercultural Studies,https://discoveruni.gov.uk/en/course-details/10000216/532986/Full-time/,UK,bachelor,other,location,H3,All Nations Christian College,programme,All Nations Christian College,Biblical and Intercultural Studies,All Nations Christian College,programme,discover_uni_hesa,https://discoveruni.gov.uk/course-details/10000216/177650/Full-time/,Location : All Nations Christian College,96f2a38e-3898-48a6-9d98-af21df250a8f,1,0.3403,HIERARCHICAL_DONOR_SELECTED
HQA-07153,discover-uk-stage1-003,d16a8da1-2e7e-5f82-ad51-2ad5d35a46b2,All Nations Christian College,Biblical and Intercultural Studies,https://discoveruni.gov.uk/en/course-details/10000216/532986/Full-time/,UK,bachelor,other,delivery_mode,H3,Full time,programme,All Nations Christian College,Biblical and Intercultural Studies,Full time,programme,discover_uni_hesa,https://discoveruni.gov.uk/course-details/10000216/177650/Full-time/,Study mode Full time,96f2a38e-3898-48a6-9d98-af21df250a8f,1,0.3403,HIERARCHICAL_DONOR_SELECTED
HQA-07336,discover-uk-stage1-012,d649d1a4-f5d6-55c4-bac1-8db8a9953756,Bishop Auckland College,Photography,https://discoveruni.gov.uk/en/course-details/10000720/BAC12/Full-time/,UK,bachelor,other,credential,H3,HND,programme,Bishop Auckland College,Art and Design,HND,programme,discover_uni_hesa,https://discoveruni.gov.uk/course-details/10000720/BAC10/Full-time/,HND Art and Design Bishop Auckland College,7fd306bc-412d-418c-bec1-f126419ce56f,1,0.3403,HIERARCHICAL_DONOR_SELECTED
HQA-07725,discover-uk-stage1-014,e01daefe-355a-5f31-a3db-f63d8275d471,Blackburn College,Accounting and Finance,https://discoveruni.gov.uk/en/course-details/10000747/BS2530A25/Full-time/,UK,bachelor,other,career_outcomes,H3,"{""description"": ""75% of UK-resident Management studies graduates from Blackburn College are based in England"", ""graduating_cohort"": ""2015-17"", ""outcome_type"": ""graduate_location"", ""source"": ""Longitudinal Education Outcomes (LEO) dataset"", ""subject_area"": ""Management studies""}",programme,Blackburn College,Business with Management,"{""description"": ""75% of UK-resident Management studies graduates from Blackburn College are based in England"", ""graduating_cohort"": ""2015-17"", ""outcome_type"": ""graduate_location"", ""source"": ""Longitudinal Education Outcomes (LEO) dataset"", ""subject_area"": ""Management studies""}",programme,discover_uni_hesa,https://discoveruni.gov.uk/course-details/10000747/BS3026A26/Full-time/,75% of UK-resident Management studies graduates from Blackburn College are based in England. Data for students graduating 2015-17 Source: Longitudinal Education Outcomes (LEO) dataset,61cce83c-3a9e-4d07-b953-7aa150a6e840,1,0.367,HIERARCHICAL_DONOR_SELECTED
HQA-07735,discover-uk-stage1-014,e01daefe-355a-5f31-a3db-f63d8275d471,Blackburn College,Accounting and Finance,https://discoveruni.gov.uk/en/course-details/10000747/BS2530A25/Full-time/,UK,bachelor,other,ielts_overall,H3,6,programme,Blackburn College,Business with Management,6,programme,official_university_page,https://blackburn.ac.uk/find-a-course/business/business/ba-hons-business-with-management,"of English, you must demonstrate proficiency of English equivalent to B2 of the Common European Framework, specifically IELTS 6.0 (or equivalent) with no more than 2 sub scores below IELTS 5.5 (or equivalent). Applicants who do not meet the standard entry criteria but have relevant work / life experience will be considered on an individual basis and may be invited to interview. The interview will consider your prior formal qualifications, and your evidence of experience gained through employment or other verifiable source. Students will be adm",stage1-coverage-20260916-raw-6c2996a22898ca712322c0c6,1,0.297,HIERARCHICAL_DONOR_SELECTED
HQA-08109,haaga-helia-fi-canary,ee43edae-4df6-560b-b1fb-fe25f1cc0350,Haaga-Helia University of Applied Sciences,International Business,https://opintopolku.fi/konfo-backend/hakukohde/1.2.246.562.20.00000000000000088243,FI,bachelor,business,rolling_admission,H3,True,programme,Haaga-Helia University of Applied Sciences,Business Information Technology,True,programme,studyinfo_hakukohde,https://opintopolku.fi/konfo-backend/hakukohde/1.2.246.562.20.00000000000000091904,Studyinfo valintaperuste.hakutapa=Rolling admission (higher education),stage1-coverage-20260916-raw-8ac5c4ec1d1c2309b3ca1113,1,0.297,HIERARCHICAL_DONOR_SELECTED
HQA-08334,discover-uk-stage1-005,f274a2a7-1552-584b-979f-0a0a65b34fc1,Arts Educational Schools,Musical Theatre,https://discoveruni.gov.uk/en/course-details/10000381/BAMT/Full-time/,UK,bachelor,other,employment_outcomes,H3,"{""audience"": null, ""metric"": ""occupation types 15 months after the course"", ""reason"": ""course size is too small"", ""status"": ""no_data_available""}",programme,Arts Educational Schools,Acting,"{""audience"": null, ""metric"": ""occupation types 15 months after the course"", ""reason"": ""course size is too small"", ""status"": ""no_data_available""}",programme,discover_uni_hesa,https://discoveruni.gov.uk/course-details/10000381/BAAct/Full-time/,"Occupation types 15 months after the course Sorry, there is no data available for this course. This may be because the course size is too small.",c697c455-5e10-4323-a173-3b717f7b83db,1,0.3403,HIERARCHICAL_DONOR_SELECTED
HQA-08356,discover-uk-stage1-005,f274a2a7-1552-584b-979f-0a0a65b34fc1,Arts Educational Schools,Musical Theatre,https://discoveruni.gov.uk/en/course-details/10000381/BAMT/Full-time/,UK,bachelor,other,scholarships,H3,"{""details"": ""Have the opportunity to participate in competitions and other professional opportunities, including the Carleton Hobbs Bursary Award (radio), the Sam Wanamaker Festival (The Globe) and The Spotlight Prize (Industry)."", ""funding_type"": ""financial_aid_policy""}",programme,Arts Educational Schools,Acting,"{""details"": ""Have the opportunity to participate in competitions and other professional opportunities, including the Carleton Hobbs Bursary Award (radio), the Sam Wanamaker Festival (The Globe) and The Spotlight Prize (Industry)."", ""funding_type"": ""financial_aid_policy""}",programme,official_university_page,https://artsed.co.uk/course/undergraduate-acting/?course-guide,"Have the opportunity to participate in competitions and other professional opportunities, including the Carleton Hobbs Bursary Award (radio), the Sam Wanamaker Festival (The Globe) and The Spotlight Prize (Industry).",stage1-coverage-20260916-raw-cb46f1978a3428100833bb27,1,0.2703,HIERARCHICAL_DONOR_SELECTED
